datetime,open,high,low,close,volume
2026-07-16T05:30:00.000000,1.14659,1.14659,1.14652,1.14657,51.0
2026-07-16T05:31:00.000000,1.14657,1.14657,1.14644,1.1464699999999999,29.0
2026-07-16T05:32:00.000000,1.14648,1.14649,1.14641,1.1464699999999999,32.0
2026-07-16T05:33:00.000000,1.1464699999999999,1.14648,1.14642,1.14643,15.0
2026-07-16T05:34:00.000000,1.14646,1.14649,1.14646,1.14646,25.0
2026-07-16T05:35:00.000000,1.14646,1.14648,1.1464,1.14642,24.0
2026-07-16T05:36:00.000000,1.14642,1.14643,1.14636,1.14639,40.0
2026-07-16T05:37:00.000000,1.1464,1.14644,1.1463700000000001,1.1463700000000001,35.0
2026-07-16T05:38:00.000000,1.1463700000000001,1.14643,1.1463700000000001,1.14638,36.0
2026-07-16T05:39:00.000000,1.14638,1.14642,1.14638,1.14642,15.0
2026-07-16T05:40:00.000000,1.14642,1.14652,1.14641,1.14648,23.0
2026-07-16T05:41:00.000000,1.14646,1.1465,1.14619,1.14626,41.0
2026-07-16T05:42:00.000000,1.14626,1.14627,1.14605,1.14612,27.0
2026-07-16T05:43:00.000000,1.14611,1.14611,1.14606,1.14607,12.0
2026-07-16T05:44:00.000000,1.14607,1.14611,1.14606,1.14607,39.0
2026-07-16T05:45:00.000000,1.14608,1.14612,1.14606,1.14606,20.0
2026-07-16T05:46:00.000000,1.14606,1.14607,1.14602,1.14606,20.0
2026-07-16T05:47:00.000000,1.14606,1.14622,1.14606,1.1461999999999999,30.0
2026-07-16T05:48:00.000000,1.1461999999999999,1.14623,1.14613,1.14614,24.0
2026-07-16T05:49:00.000000,1.14614,1.14627,1.14614,1.14624,20.0
2026-07-16T05:50:00.000000,1.14624,1.14642,1.14623,1.1464,31.0
2026-07-16T05:51:00.000000,1.1464,1.1464699999999999,1.14631,1.14634,50.0
2026-07-16T05:52:00.000000,1.14634,1.14634,1.14626,1.14631,23.0
2026-07-16T05:53:00.000000,1.14631,1.14632,1.1463,1.14631,17.0
2026-07-16T05:54:00.000000,1.14631,1.14643,1.14631,1.14641,21.0
2026-07-16T05:55:00.000000,1.14641,1.14642,1.14628,1.14631,22.0
2026-07-16T05:56:00.000000,1.14631,1.14632,1.14626,1.14626,24.0
2026-07-16T05:57:00.000000,1.14626,1.14628,1.14625,1.14628,36.0
2026-07-16T05:58:00.000000,1.14628,1.14628,1.14626,1.14628,8.0
2026-07-16T05:59:00.000000,1.14628,1.14644,1.14628,1.14644,19.0
2026-07-16T06:00:00.000000,1.14643,1.14652,1.14642,1.14643,45.0
2026-07-16T06:01:00.000000,1.14643,1.14644,1.14633,1.1463700000000001,32.0
2026-07-16T06:02:00.000000,1.14638,1.14642,1.14634,1.14634,46.0
2026-07-16T06:03:00.000000,1.14634,1.14643,1.14634,1.14638,45.0
2026-07-16T06:04:00.000000,1.14638,1.14644,1.1463700000000001,1.14642,29.0
2026-07-16T06:05:00.000000,1.14642,1.14645,1.14642,1.14643,35.0
2026-07-16T06:06:00.000000,1.14643,1.14645,1.14638,1.14638,30.0
2026-07-16T06:07:00.000000,1.14638,1.14639,1.14634,1.1463700000000001,36.0
2026-07-16T06:08:00.000000,1.1463700000000001,1.14638,1.14626,1.14631,32.0
2026-07-16T06:09:00.000000,1.14631,1.14631,1.14626,1.14629,24.0
2026-07-16T06:10:00.000000,1.14629,1.14631,1.14627,1.14627,29.0
2026-07-16T06:11:00.000000,1.14626,1.14627,1.14621,1.14625,18.0
2026-07-16T06:12:00.000000,1.14625,1.14629,1.14623,1.14629,19.0
2026-07-16T06:13:00.000000,1.14628,1.14633,1.14625,1.14633,39.0
2026-07-16T06:14:00.000000,1.14633,1.14634,1.14631,1.14632,27.0
2026-07-16T06:15:00.000000,1.14633,1.14635,1.14633,1.14635,15.0
2026-07-16T06:16:00.000000,1.14634,1.14635,1.14629,1.1463,30.0
2026-07-16T06:17:00.000000,1.1463,1.14631,1.14626,1.14627,14.0
2026-07-16T06:18:00.000000,1.14628,1.1463,1.14626,1.14626,8.0
2026-07-16T06:19:00.000000,1.14626,1.14626,1.14622,1.14624,20.0
2026-07-16T06:20:00.000000,1.14624,1.14628,1.14623,1.14623,7.0
2026-07-16T06:21:00.000000,1.14623,1.14623,1.1461999999999999,1.1461999999999999,18.0
2026-07-16T06:22:00.000000,1.1461999999999999,1.1461999999999999,1.14616,1.14618,19.0
2026-07-16T06:23:00.000000,1.14618,1.14626,1.14618,1.14626,12.0
2026-07-16T06:24:00.000000,1.14625,1.14632,1.14623,1.14631,14.0
2026-07-16T06:25:00.000000,1.14632,1.14635,1.14627,1.14635,34.0
2026-07-16T06:26:00.000000,1.14634,1.14644,1.14633,1.14643,18.0
2026-07-16T06:27:00.000000,1.14643,1.14648,1.1463700000000001,1.14643,27.0
2026-07-16T06:28:00.000000,1.14643,1.14648,1.1463700000000001,1.14648,24.0
2026-07-16T06:29:00.000000,1.1464699999999999,1.14649,1.14644,1.1464699999999999,22.0
2026-07-16T06:30:00.000000,1.1464699999999999,1.14648,1.1464,1.14641,27.0
2026-07-16T06:31:00.000000,1.1464,1.1464,1.14634,1.14636,34.0
2026-07-16T06:32:00.000000,1.14636,1.14641,1.14635,1.1464,36.0
2026-07-16T06:33:00.000000,1.1464,1.14643,1.14639,1.14641,25.0
2026-07-16T06:34:00.000000,1.14641,1.14646,1.14641,1.14643,27.0
2026-07-16T06:35:00.000000,1.14642,1.14657,1.14641,1.14657,31.0
2026-07-16T06:36:00.000000,1.14658,1.14667,1.14654,1.14659,53.0
2026-07-16T06:37:00.000000,1.14659,1.14659,1.14652,1.14654,23.0
2026-07-16T06:38:00.000000,1.14654,1.14658,1.14651,1.14657,26.0
2026-07-16T06:39:00.000000,1.14657,1.14665,1.14654,1.14661,25.0
2026-07-16T06:40:00.000000,1.14662,1.14668,1.14659,1.14659,41.0
2026-07-16T06:41:00.000000,1.14659,1.14661,1.14651,1.1466,36.0
2026-07-16T06:42:00.000000,1.1466,1.1466,1.14653,1.14654,16.0
2026-07-16T06:43:00.000000,1.14654,1.14654,1.14651,1.14652,15.0
2026-07-16T06:44:00.000000,1.14652,1.14658,1.14648,1.14658,23.0
2026-07-16T06:45:00.000000,1.14657,1.14664,1.14656,1.14663,36.0
2026-07-16T06:46:00.000000,1.14663,1.14667,1.14662,1.14662,26.0
2026-07-16T06:47:00.000000,1.14662,1.14668,1.14662,1.14667,20.0
2026-07-16T06:48:00.000000,1.14667,1.1467,1.14667,1.1467,16.0
2026-07-16T06:49:00.000000,1.14669,1.14672,1.14664,1.14667,29.0
2026-07-16T06:50:00.000000,1.14667,1.14668,1.14666,1.14666,22.0
2026-07-16T06:51:00.000000,1.14666,1.14669,1.14665,1.14668,16.0
2026-07-16T06:52:00.000000,1.14668,1.14674,1.14667,1.14674,26.0
2026-07-16T06:53:00.000000,1.14673,1.14678,1.1467100000000001,1.14675,17.0
2026-07-16T06:54:00.000000,1.14675,1.14675,1.14672,1.14674,6.0
2026-07-16T06:55:00.000000,1.14674,1.14682,1.14673,1.14682,26.0
2026-07-16T06:56:00.000000,1.14682,1.14684,1.1468099999999999,1.14682,12.0
2026-07-16T06:57:00.000000,1.14682,1.14682,1.14674,1.1468,29.0
2026-07-16T06:58:00.000000,1.1468,1.1468099999999999,1.14678,1.14679,15.0
2026-07-16T06:59:00.000000,1.1468,1.1468,1.14678,1.1468,16.0
2026-07-16T07:00:00.000000,1.14679,1.14686,1.14679,1.14684,31.0
2026-07-16T07:01:00.000000,1.14685,1.14687,1.14685,1.14686,11.0
2026-07-16T07:02:00.000000,1.14686,1.14687,1.14676,1.14678,25.0
2026-07-16T07:03:00.000000,1.14678,1.14683,1.14677,1.14683,14.0
2026-07-16T07:04:00.000000,1.14683,1.14688,1.14682,1.14687,24.0
2026-07-16T07:05:00.000000,1.14687,1.14688,1.14684,1.14687,17.0
2026-07-16T07:06:00.000000,1.14686,1.14688,1.14686,1.14688,7.0
2026-07-16T07:07:00.000000,1.14688,1.14688,1.14688,1.14688,1.0
2026-07-16T07:08:00.000000,1.14688,1.14688,1.14686,1.14687,5.0
2026-07-16T07:09:00.000000,1.14687,1.14688,1.14682,1.14683,17.0
2026-07-16T07:10:00.000000,1.14683,1.14686,1.14675,1.14675,25.0
2026-07-16T07:11:00.000000,1.14675,1.14677,1.14673,1.14673,18.0
2026-07-16T07:12:00.000000,1.14674,1.14674,1.1467100000000001,1.14673,5.0
2026-07-16T07:13:00.000000,1.14673,1.14678,1.14673,1.14673,19.0
2026-07-16T07:14:00.000000,1.14674,1.14677,1.1467100000000001,1.1467100000000001,25.0
2026-07-16T07:15:00.000000,1.14672,1.14672,1.14665,1.14667,18.0
2026-07-16T07:16:00.000000,1.14666,1.14672,1.14666,1.14672,5.0
2026-07-16T07:17:00.000000,1.14672,1.14673,1.1467,1.14672,18.0
2026-07-16T07:18:00.000000,1.1467100000000001,1.14675,1.1467100000000001,1.14674,17.0
2026-07-16T07:19:00.000000,1.14674,1.14676,1.1467,1.1467,24.0
2026-07-16T07:20:00.000000,1.1467,1.1467100000000001,1.14669,1.14669,21.0
2026-07-16T07:21:00.000000,1.1467,1.1467,1.14656,1.14659,24.0
2026-07-16T07:22:00.000000,1.14659,1.14663,1.14658,1.14661,21.0
2026-07-16T07:23:00.000000,1.1466,1.14661,1.14656,1.14658,31.0
2026-07-16T07:24:00.000000,1.14658,1.1466,1.14657,1.14657,16.0
2026-07-16T07:25:00.000000,1.14657,1.14663,1.14656,1.14656,20.0
2026-07-16T07:26:00.000000,1.14656,1.14659,1.14656,1.14658,14.0
2026-07-16T07:27:00.000000,1.14658,1.14662,1.14658,1.1466,14.0
2026-07-16T07:28:00.000000,1.14661,1.14661,1.14656,1.14656,20.0
2026-07-16T07:29:00.000000,1.14656,1.14666,1.14656,1.14666,21.0
2026-07-16T07:30:00.000000,1.14667,1.14667,1.14658,1.14662,19.0
2026-07-16T07:31:00.000000,1.14662,1.14663,1.14656,1.14658,32.0
2026-07-16T07:32:00.000000,1.14659,1.14664,1.14659,1.1466,16.0
2026-07-16T07:33:00.000000,1.14657,1.14659,1.14656,1.14656,18.0
2026-07-16T07:34:00.000000,1.14656,1.14657,1.14651,1.14653,21.0
2026-07-16T07:35:00.000000,1.14653,1.14657,1.14651,1.14652,14.0
2026-07-16T07:36:00.000000,1.14652,1.14656,1.14646,1.1464699999999999,40.0
2026-07-16T07:37:00.000000,1.1464699999999999,1.14652,1.14646,1.14651,18.0
2026-07-16T07:38:00.000000,1.14651,1.14651,1.1464699999999999,1.14648,28.0
2026-07-16T07:39:00.000000,1.14648,1.14649,1.14638,1.14638,22.0
2026-07-16T07:40:00.000000,1.14638,1.14643,1.14638,1.14643,6.0
2026-07-16T07:41:00.000000,1.14643,1.1465,1.14643,1.1464699999999999,30.0
2026-07-16T07:42:00.000000,1.1464699999999999,1.14648,1.14645,1.14646,17.0
2026-07-16T07:43:00.000000,1.14646,1.14652,1.14645,1.14652,33.0
2026-07-16T07:44:00.000000,1.14651,1.14656,1.14651,1.14651,17.0
2026-07-16T07:45:00.000000,1.14651,1.14651,1.14648,1.14648,34.0
2026-07-16T07:46:00.000000,1.1464699999999999,1.14648,1.14639,1.14641,18.0
2026-07-16T07:47:00.000000,1.14641,1.14644,1.1464,1.1464,25.0
2026-07-16T07:48:00.000000,1.1464,1.14641,1.14638,1.14638,10.0
2026-07-16T07:49:00.000000,1.1463700000000001,1.14639,1.1463700000000001,1.14638,12.0
2026-07-16T07:50:00.000000,1.1463700000000001,1.14639,1.1463700000000001,1.14639,15.0
2026-07-16T07:51:00.000000,1.14639,1.14644,1.14639,1.14644,22.0
2026-07-16T07:52:00.000000,1.14644,1.14644,1.14641,1.14642,7.0
2026-07-16T07:53:00.000000,1.14641,1.1464699999999999,1.14641,1.14644,28.0
2026-07-16T07:54:00.000000,1.14644,1.1464699999999999,1.14644,1.14646,12.0
2026-07-16T07:55:00.000000,1.14646,1.14646,1.14632,1.14639,30.0
2026-07-16T07:56:00.000000,1.14639,1.14639,1.14636,1.1463700000000001,17.0
2026-07-16T07:57:00.000000,1.1463700000000001,1.1463700000000001,1.14633,1.14633,10.0
2026-07-16T07:58:00.000000,1.14634,1.14636,1.14631,1.14632,13.0
2026-07-16T07:59:00.000000,1.14632,1.14634,1.14631,1.14632,17.0
2026-07-16T08:00:00.000000,1.14632,1.14633,1.14631,1.14633,14.0
2026-07-16T08:01:00.000000,1.14633,1.14644,1.14633,1.14643,15.0
2026-07-16T08:02:00.000000,1.14642,1.14644,1.14641,1.14641,14.0
2026-07-16T08:03:00.000000,1.14641,1.14641,1.14632,1.14636,16.0
2026-07-16T08:04:00.000000,1.14638,1.14641,1.14632,1.14641,32.0
2026-07-16T08:05:00.000000,1.14641,1.14644,1.14639,1.14642,23.0
2026-07-16T08:06:00.000000,1.14642,1.14645,1.14641,1.14645,26.0
2026-07-16T08:07:00.000000,1.14645,1.14653,1.14644,1.14652,22.0
2026-07-16T08:08:00.000000,1.14652,1.14658,1.14652,1.14658,36.0
2026-07-16T08:09:00.000000,1.14658,1.14658,1.14655,1.14657,27.0
2026-07-16T08:10:00.000000,1.14657,1.14664,1.14657,1.14662,18.0
2026-07-16T08:11:00.000000,1.14663,1.14663,1.14661,1.14661,29.0
2026-07-16T08:12:00.000000,1.14662,1.14673,1.14662,1.14668,33.0
2026-07-16T08:13:00.000000,1.14668,1.14669,1.14663,1.14664,12.0
2026-07-16T08:14:00.000000,1.14664,1.14665,1.1466,1.1466,20.0
2026-07-16T08:15:00.000000,1.1466,1.14666,1.1466,1.14665,24.0
2026-07-16T08:16:00.000000,1.14665,1.14666,1.14663,1.14663,17.0
2026-07-16T08:17:00.000000,1.14663,1.14665,1.14662,1.14664,18.0
2026-07-16T08:18:00.000000,1.14664,1.14666,1.14661,1.14661,27.0
2026-07-16T08:19:00.000000,1.14662,1.14663,1.1466,1.14661,18.0
2026-07-16T08:20:00.000000,1.14662,1.14662,1.14659,1.14661,32.0
2026-07-16T08:21:00.000000,1.14661,1.14664,1.14661,1.14663,24.0
2026-07-16T08:22:00.000000,1.14663,1.14663,1.1466,1.14662,18.0
2026-07-16T08:23:00.000000,1.14662,1.14664,1.14662,1.14663,4.0
2026-07-16T08:24:00.000000,1.14663,1.14668,1.14661,1.14668,30.0
2026-07-16T08:25:00.000000,1.14667,1.14667,1.14651,1.14656,28.0
2026-07-16T08:26:00.000000,1.14656,1.14658,1.14651,1.14658,25.0
2026-07-16T08:27:00.000000,1.14658,1.14664,1.14656,1.14663,27.0
2026-07-16T08:28:00.000000,1.14664,1.14664,1.14662,1.14663,22.0
2026-07-16T08:29:00.000000,1.14663,1.14664,1.14662,1.14662,4.0
2026-07-16T08:30:00.000000,1.14662,1.14665,1.14662,1.14663,26.0
2026-07-16T08:31:00.000000,1.14663,1.14664,1.14662,1.14662,8.0
2026-07-16T08:32:00.000000,1.14662,1.14666,1.14661,1.14663,25.0
2026-07-16T08:33:00.000000,1.14667,1.14669,1.14663,1.14664,17.0
2026-07-16T08:34:00.000000,1.14664,1.14667,1.14662,1.14663,39.0
2026-07-16T08:35:00.000000,1.14663,1.14668,1.14657,1.14659,31.0
2026-07-16T08:36:00.000000,1.14659,1.14664,1.14658,1.14663,21.0
2026-07-16T08:37:00.000000,1.14663,1.14663,1.14658,1.14658,11.0
2026-07-16T08:38:00.000000,1.14658,1.14663,1.14656,1.14662,35.0
2026-07-16T08:39:00.000000,1.14662,1.14665,1.14662,1.14664,6.0
2026-07-16T08:40:00.000000,1.14664,1.14675,1.14663,1.14673,34.0
2026-07-16T08:41:00.000000,1.14673,1.14674,1.1467100000000001,1.14673,22.0
2026-07-16T08:42:00.000000,1.14673,1.14673,1.14667,1.14668,19.0
2026-07-16T08:43:00.000000,1.14668,1.1467,1.14666,1.14667,23.0
2026-07-16T08:44:00.000000,1.14667,1.14674,1.14666,1.14673,22.0
2026-07-16T08:45:00.000000,1.14674,1.14683,1.14672,1.14682,56.0
2026-07-16T08:46:00.000000,1.14682,1.14683,1.1468099999999999,1.14682,33.0
2026-07-16T08:47:00.000000,1.14682,1.14684,1.14678,1.14679,31.0
2026-07-16T08:48:00.000000,1.14678,1.1468099999999999,1.14673,1.14674,25.0
2026-07-16T08:49:00.000000,1.14674,1.14676,1.14673,1.14674,19.0
2026-07-16T08:50:00.000000,1.14675,1.14678,1.14668,1.1467,22.0
2026-07-16T08:51:00.000000,1.1467,1.14675,1.1467,1.14673,27.0
2026-07-16T08:52:00.000000,1.14673,1.14675,1.1467100000000001,1.14675,17.0
2026-07-16T08:53:00.000000,1.14675,1.14675,1.1467,1.14672,33.0
2026-07-16T08:54:00.000000,1.14672,1.14673,1.1467,1.1467,15.0
2026-07-16T08:55:00.000000,1.1467,1.14672,1.14666,1.1467,23.0
2026-07-16T08:56:00.000000,1.1467100000000001,1.14673,1.1467100000000001,1.14672,21.0
2026-07-16T08:57:00.000000,1.14673,1.14676,1.14673,1.14674,18.0
2026-07-16T08:58:00.000000,1.14673,1.14674,1.14664,1.14665,21.0
2026-07-16T08:59:00.000000,1.14665,1.14669,1.14663,1.14667,19.0
2026-07-16T09:00:00.000000,1.14667,1.14675,1.14661,1.14672,59.0
2026-07-16T09:01:00.000000,1.14673,1.14674,1.1467,1.1467100000000001,32.0
2026-07-16T09:02:00.000000,1.1467100000000001,1.14688,1.1467,1.14687,60.0
2026-07-16T09:03:00.000000,1.14687,1.14688,1.1468099999999999,1.14683,46.0
2026-07-16T09:04:00.000000,1.14683,1.14686,1.1468099999999999,1.14686,32.0
2026-07-16T09:05:00.000000,1.14686,1.14686,1.14673,1.14674,38.0
2026-07-16T09:06:00.000000,1.14674,1.1468099999999999,1.14668,1.14678,65.0
2026-07-16T09:07:00.000000,1.14678,1.14678,1.14675,1.14677,27.0
2026-07-16T09:08:00.000000,1.14676,1.14678,1.14669,1.1467100000000001,38.0
2026-07-16T09:09:00.000000,1.1467100000000001,1.14673,1.14665,1.14667,53.0
2026-07-16T09:10:00.000000,1.14668,1.1467100000000001,1.14666,1.1467100000000001,32.0
2026-07-16T09:11:00.000000,1.1467100000000001,1.14673,1.14668,1.14672,32.0
2026-07-16T09:12:00.000000,1.14672,1.14678,1.1467100000000001,1.1467100000000001,37.0
2026-07-16T09:13:00.000000,1.1467100000000001,1.14672,1.14667,1.1467100000000001,30.0
2026-07-16T09:14:00.000000,1.1467100000000001,1.14674,1.14666,1.1467100000000001,47.0
2026-07-16T09:15:00.000000,1.1467100000000001,1.14672,1.14653,1.14658,50.0
2026-07-16T09:16:00.000000,1.14659,1.14665,1.14658,1.14663,27.0
2026-07-16T09:17:00.000000,1.14662,1.14668,1.14657,1.14658,44.0
2026-07-16T09:18:00.000000,1.14658,1.14658,1.14651,1.14651,31.0
2026-07-16T09:19:00.000000,1.14651,1.14653,1.14645,1.14645,27.0
2026-07-16T09:20:00.000000,1.14644,1.14646,1.14638,1.14644,40.0
2026-07-16T09:21:00.000000,1.14644,1.14646,1.14639,1.14641,45.0
2026-07-16T09:22:00.000000,1.1464,1.14653,1.1464,1.14652,22.0
2026-07-16T09:23:00.000000,1.14652,1.14656,1.14649,1.14649,29.0
2026-07-16T09:24:00.000000,1.14648,1.14649,1.14641,1.14643,22.0
2026-07-16T09:25:00.000000,1.14643,1.14652,1.14641,1.14652,32.0
2026-07-16T09:26:00.000000,1.14652,1.14654,1.14638,1.14642,34.0
2026-07-16T09:27:00.000000,1.14641,1.14649,1.14638,1.14638,31.0
2026-07-16T09:28:00.000000,1.14638,1.14638,1.14622,1.14625,70.0
2026-07-16T09:29:00.000000,1.14626,1.14634,1.14626,1.14633,28.0
2026-07-16T09:30:00.000000,1.14633,1.14664,1.14633,1.14656,82.0
2026-07-16T09:31:00.000000,1.14656,1.14668,1.14655,1.14668,56.0
2026-07-16T09:32:00.000000,1.14667,1.14677,1.14665,1.14667,77.0
2026-07-16T09:33:00.000000,1.14667,1.14668,1.14646,1.14651,70.0
2026-07-16T09:34:00.000000,1.14651,1.14659,1.1464699999999999,1.14656,69.0
2026-07-16T09:35:00.000000,1.14656,1.14659,1.14644,1.14652,70.0
2026-07-16T09:36:00.000000,1.14651,1.14653,1.14645,1.14651,41.0
2026-07-16T09:37:00.000000,1.14652,1.14662,1.14651,1.14661,41.0
2026-07-16T09:38:00.000000,1.14661,1.14673,1.14655,1.1467100000000001,71.0
2026-07-16T09:39:00.000000,1.1467100000000001,1.14684,1.1467100000000001,1.14676,82.0
2026-07-16T09:40:00.000000,1.14676,1.14684,1.14673,1.14682,56.0
2026-07-16T09:41:00.000000,1.14682,1.14686,1.14678,1.1468099999999999,47.0
2026-07-16T09:42:00.000000,1.14685,1.14687,1.14667,1.14673,73.0
2026-07-16T09:43:00.000000,1.14673,1.14683,1.14672,1.1468099999999999,44.0
2026-07-16T09:44:00.000000,1.1468099999999999,1.14692,1.1468099999999999,1.14692,57.0
2026-07-16T09:45:00.000000,1.14691,1.14691,1.1468099999999999,1.14682,47.0
2026-07-16T09:46:00.000000,1.14682,1.14683,1.14675,1.1468,27.0
2026-07-16T09:47:00.000000,1.1468,1.1468099999999999,1.14663,1.14663,40.0
2026-07-16T09:48:00.000000,1.14663,1.1467,1.1466,1.14662,31.0
2026-07-16T09:49:00.000000,1.14661,1.14667,1.14657,1.14666,46.0
2026-07-16T09:50:00.000000,1.14666,1.1467100000000001,1.14661,1.1467100000000001,30.0
2026-07-16T09:51:00.000000,1.1467100000000001,1.14678,1.14666,1.14678,31.0
2026-07-16T09:52:00.000000,1.14678,1.14683,1.14677,1.1468099999999999,32.0
2026-07-16T09:53:00.000000,1.1468099999999999,1.14688,1.1468099999999999,1.14686,47.0
2026-07-16T09:54:00.000000,1.14686,1.14694,1.1468,1.14686,27.0
2026-07-16T09:55:00.000000,1.14686,1.14686,1.14677,1.14685,39.0
2026-07-16T09:56:00.000000,1.14685,1.14689,1.14683,1.14683,36.0
2026-07-16T09:57:00.000000,1.14683,1.14687,1.1468,1.14684,49.0
2026-07-16T09:58:00.000000,1.14684,1.1469,1.1468099999999999,1.14689,46.0
2026-07-16T09:59:00.000000,1.14688,1.14692,1.1468099999999999,1.1468099999999999,44.0
2026-07-16T10:00:00.000000,1.1468099999999999,1.14683,1.14668,1.14669,57.0
2026-07-16T10:01:00.000000,1.14669,1.14678,1.14662,1.14676,56.0
2026-07-16T10:02:00.000000,1.14677,1.1468099999999999,1.1467,1.14672,65.0
2026-07-16T10:03:00.000000,1.14672,1.14673,1.14661,1.1467100000000001,60.0
2026-07-16T10:04:00.000000,1.1467100000000001,1.14674,1.14659,1.14661,61.0
2026-07-16T10:05:00.000000,1.1466,1.1467,1.14652,1.14668,48.0
2026-07-16T10:06:00.000000,1.14667,1.14668,1.14655,1.14659,49.0
2026-07-16T10:07:00.000000,1.14659,1.14666,1.14656,1.14658,61.0
2026-07-16T10:08:00.000000,1.14658,1.14667,1.14656,1.14661,61.0
2026-07-16T10:09:00.000000,1.14662,1.14667,1.14661,1.14666,37.0
2026-07-16T10:10:00.000000,1.14666,1.14667,1.1466,1.14661,26.0
2026-07-16T10:11:00.000000,1.14661,1.14661,1.1465,1.14656,38.0
2026-07-16T10:12:00.000000,1.14656,1.14659,1.14656,1.14659,13.0
2026-07-16T10:13:00.000000,1.1466,1.14662,1.14651,1.14661,37.0
2026-07-16T10:14:00.000000,1.14661,1.14667,1.14656,1.14666,37.0
2026-07-16T10:15:00.000000,1.14667,1.14669,1.14663,1.14667,26.0
2026-07-16T10:16:00.000000,1.14667,1.1467,1.14664,1.14669,31.0
2026-07-16T10:17:00.000000,1.14669,1.14675,1.14662,1.14674,48.0
2026-07-16T10:18:00.000000,1.14673,1.14679,1.14667,1.14677,57.0
2026-07-16T10:19:00.000000,1.14678,1.14682,1.14675,1.14679,45.0
2026-07-16T10:20:00.000000,1.14679,1.1468099999999999,1.14673,1.1468099999999999,45.0
2026-07-16T10:21:00.000000,1.1468099999999999,1.14688,1.1468,1.14687,35.0
2026-07-16T10:22:00.000000,1.14686,1.14688,1.1468099999999999,1.14688,36.0
2026-07-16T10:23:00.000000,1.14687,1.14688,1.14683,1.14687,29.0
2026-07-16T10:24:00.000000,1.14687,1.1469,1.14684,1.14686,31.0
2026-07-16T10:25:00.000000,1.14686,1.14693,1.14685,1.14693,37.0
2026-07-16T10:26:00.000000,1.14695,1.14709,1.1468099999999999,1.14684,80.0
2026-07-16T10:27:00.000000,1.14683,1.14689,1.1468099999999999,1.14685,41.0
2026-07-16T10:28:00.000000,1.14685,1.14688,1.14684,1.14685,37.0
2026-07-16T10:29:00.000000,1.14685,1.14688,1.14682,1.14685,50.0
2026-07-16T10:30:00.000000,1.14684,1.14692,1.14679,1.1468,61.0
2026-07-16T10:31:00.000000,1.1468,1.14689,1.14678,1.14688,69.0
2026-07-16T10:32:00.000000,1.14688,1.14689,1.1468099999999999,1.14685,53.0
2026-07-16T10:33:00.000000,1.14686,1.14702,1.14686,1.14691,71.0
2026-07-16T10:34:00.000000,1.14691,1.14701,1.14689,1.14701,45.0
2026-07-16T10:35:00.000000,1.147,1.147,1.14682,1.14694,68.0
2026-07-16T10:36:00.000000,1.14695,1.14695,1.14675,1.14688,68.0
2026-07-16T10:37:00.000000,1.14688,1.14691,1.1468,1.1468099999999999,47.0
2026-07-16T10:38:00.000000,1.1468099999999999,1.14683,1.14667,1.14669,46.0
2026-07-16T10:39:00.000000,1.14669,1.14685,1.14669,1.1468099999999999,58.0
2026-07-16T10:40:00.000000,1.1468099999999999,1.14684,1.14672,1.14676,52.0
2026-07-16T10:41:00.000000,1.14678,1.1468099999999999,1.14675,1.1468099999999999,43.0
2026-07-16T10:42:00.000000,1.1468099999999999,1.14682,1.14675,1.1468099999999999,28.0
2026-07-16T10:43:00.000000,1.1468099999999999,1.14692,1.14676,1.14691,52.0
2026-07-16T10:44:00.000000,1.1469,1.14696,1.1468099999999999,1.14682,64.0
2026-07-16T10:45:00.000000,1.14682,1.14686,1.1468,1.1468,64.0
2026-07-16T10:46:00.000000,1.1468099999999999,1.14688,1.14679,1.14684,48.0
2026-07-16T10:47:00.000000,1.14685,1.14688,1.14685,1.14687,25.0
2026-07-16T10:48:00.000000,1.14687,1.14692,1.14683,1.14692,37.0
2026-07-16T10:49:00.000000,1.14692,1.14718,1.14687,1.14712,67.0
2026-07-16T10:50:00.000000,1.14712,1.14721,1.14702,1.14717,68.0
2026-07-16T10:51:00.000000,1.14717,1.14721,1.1471,1.14717,47.0
2026-07-16T10:52:00.000000,1.14717,1.14717,1.14701,1.14707,54.0
2026-07-16T10:53:00.000000,1.14707,1.1470799999999999,1.14692,1.14699,51.0
2026-07-16T10:54:00.000000,1.147,1.14713,1.14699,1.1470799999999999,48.0
2026-07-16T10:55:00.000000,1.14707,1.14709,1.14701,1.14706,41.0
2026-07-16T10:56:00.000000,1.14706,1.1470799999999999,1.14701,1.14701,39.0
2026-07-16T10:57:00.000000,1.14701,1.14704,1.14696,1.14698,50.0
2026-07-16T10:58:00.000000,1.14698,1.14698,1.14686,1.14686,31.0
2026-07-16T10:59:00.000000,1.14686,1.14692,1.14677,1.14692,49.0
2026-07-16T11:00:00.000000,1.14691,1.14696,1.14687,1.14691,39.0
2026-07-16T11:01:00.000000,1.14691,1.14693,1.14675,1.14678,60.0
2026-07-16T11:02:00.000000,1.14678,1.1468,1.14673,1.14678,38.0
2026-07-16T11:03:00.000000,1.14678,1.14693,1.14678,1.14689,36.0
2026-07-16T11:04:00.000000,1.14688,1.14694,1.14682,1.1469,29.0
2026-07-16T11:05:00.000000,1.14691,1.14693,1.14687,1.14688,27.0
2026-07-16T11:06:00.000000,1.14687,1.14696,1.14687,1.14691,38.0
2026-07-16T11:07:00.000000,1.1469,1.14712,1.14686,1.14709,43.0
2026-07-16T11:08:00.000000,1.14709,1.14719,1.14709,1.14713,26.0
2026-07-16T11:09:00.000000,1.14713,1.14718,1.14702,1.14709,55.0
2026-07-16T11:10:00.000000,1.14709,1.14711,1.14701,1.14703,40.0
2026-07-16T11:11:00.000000,1.14703,1.14709,1.14701,1.14706,33.0
2026-07-16T11:12:00.000000,1.14706,1.14713,1.14701,1.14711,64.0
2026-07-16T11:13:00.000000,1.14711,1.14718,1.14711,1.14717,31.0
2026-07-16T11:14:00.000000,1.14717,1.14717,1.14712,1.14713,24.0
2026-07-16T11:15:00.000000,1.14713,1.1472,1.14713,1.14718,34.0
2026-07-16T11:16:00.000000,1.14718,1.14723,1.14716,1.14718,37.0
2026-07-16T11:17:00.000000,1.14718,1.14737,1.14714,1.14737,46.0
2026-07-16T11:18:00.000000,1.14738,1.14764,1.14735,1.14757,74.0
2026-07-16T11:19:00.000000,1.14758,1.14764,1.14751,1.14763,82.0
2026-07-16T11:20:00.000000,1.14763,1.14763,1.14726,1.1473,97.0
2026-07-16T11:21:00.000000,1.14731,1.14733,1.14718,1.14726,71.0
2026-07-16T11:22:00.000000,1.14724,1.14725,1.1471,1.1471,46.0
2026-07-16T11:23:00.000000,1.14711,1.14721,1.14707,1.14717,51.0
2026-07-16T11:24:00.000000,1.14717,1.14722,1.14715,1.14721,41.0
2026-07-16T11:25:00.000000,1.14721,1.14731,1.14721,1.1473,58.0
2026-07-16T11:26:00.000000,1.1473,1.14734,1.14723,1.14726,54.0
2026-07-16T11:27:00.000000,1.14726,1.14726,1.1469,1.14696,67.0
2026-07-16T11:28:00.000000,1.14695,1.14703,1.14689,1.147,63.0
2026-07-16T11:29:00.000000,1.14696,1.14697,1.14686,1.14692,78.0
2026-07-16T11:30:00.000000,1.14691,1.14699,1.14685,1.14691,64.0
2026-07-16T11:31:00.000000,1.14691,1.1471,1.1469,1.14709,71.0
2026-07-16T11:32:00.000000,1.14709,1.14719,1.14703,1.14705,87.0
2026-07-16T11:33:00.000000,1.14706,1.14706,1.14683,1.14683,57.0
2026-07-16T11:34:00.000000,1.14683,1.14686,1.14675,1.14679,63.0
2026-07-16T11:35:00.000000,1.14679,1.1468,1.14659,1.14661,58.0
2026-07-16T11:36:00.000000,1.14661,1.14674,1.14651,1.14657,86.0
2026-07-16T11:37:00.000000,1.14657,1.14673,1.14656,1.14668,70.0
2026-07-16T11:38:00.000000,1.1467,1.14682,1.1467,1.14674,53.0
2026-07-16T11:39:00.000000,1.14676,1.14676,1.14661,1.14661,61.0
2026-07-16T11:40:00.000000,1.14661,1.14669,1.14659,1.14667,31.0
2026-07-16T11:41:00.000000,1.14667,1.14667,1.14635,1.1464,58.0
2026-07-16T11:42:00.000000,1.1464,1.14652,1.1464,1.1464699999999999,43.0
2026-07-16T11:43:00.000000,1.1464699999999999,1.14649,1.14636,1.14648,71.0
2026-07-16T11:44:00.000000,1.14648,1.14649,1.1463700000000001,1.14643,47.0
2026-07-16T11:45:00.000000,1.14643,1.14644,1.14633,1.14638,58.0
2026-07-16T11:46:00.000000,1.1463700000000001,1.14643,1.14626,1.14643,62.0
2026-07-16T11:47:00.000000,1.14643,1.1465,1.14639,1.14649,39.0
2026-07-16T11:48:00.000000,1.14648,1.14648,1.14626,1.14626,58.0
2026-07-16T11:49:00.000000,1.14627,1.14634,1.14625,1.14632,42.0
2026-07-16T11:50:00.000000,1.14632,1.14638,1.1463,1.1463700000000001,54.0
2026-07-16T11:51:00.000000,1.1463700000000001,1.14643,1.14632,1.14641,49.0
2026-07-16T11:52:00.000000,1.14641,1.14642,1.14636,1.14641,48.0
2026-07-16T11:53:00.000000,1.1464,1.14641,1.14631,1.14631,48.0
2026-07-16T11:54:00.000000,1.14631,1.14636,1.14625,1.14631,56.0
2026-07-16T11:55:00.000000,1.14632,1.14643,1.14629,1.14642,58.0
2026-07-16T11:56:00.000000,1.14642,1.14658,1.14641,1.14657,64.0
2026-07-16T11:57:00.000000,1.14657,1.14661,1.14653,1.14658,60.0
2026-07-16T11:58:00.000000,1.14658,1.14663,1.14652,1.14657,68.0
2026-07-16T11:59:00.000000,1.14657,1.1466,1.14648,1.14649,74.0
2026-07-16T12:00:00.000000,1.14649,1.14659,1.14649,1.14658,32.0
2026-07-16T12:01:00.000000,1.14658,1.14675,1.14658,1.14672,61.0
2026-07-16T12:02:00.000000,1.14672,1.14673,1.14666,1.14667,45.0
2026-07-16T12:03:00.000000,1.14668,1.14678,1.14667,1.14672,49.0
2026-07-16T12:04:00.000000,1.14672,1.14673,1.14662,1.1467100000000001,36.0
2026-07-16T12:05:00.000000,1.1467100000000001,1.14677,1.14668,1.14672,42.0
2026-07-16T12:06:00.000000,1.14673,1.14679,1.14666,1.14672,50.0
2026-07-16T12:07:00.000000,1.14672,1.14675,1.14664,1.14666,59.0
2026-07-16T12:08:00.000000,1.14665,1.14674,1.14663,1.14672,44.0
2026-07-16T12:09:00.000000,1.14672,1.14675,1.14668,1.14669,36.0
2026-07-16T12:10:00.000000,1.14668,1.14672,1.14662,1.14672,59.0
2026-07-16T12:11:00.000000,1.14672,1.14674,1.14666,1.14669,34.0
2026-07-16T12:12:00.000000,1.14669,1.1468099999999999,1.14668,1.14679,29.0
2026-07-16T12:13:00.000000,1.14679,1.14683,1.14676,1.1468099999999999,41.0
2026-07-16T12:14:00.000000,1.1468099999999999,1.1468099999999999,1.14668,1.14672,52.0
2026-07-16T12:15:00.000000,1.14673,1.14673,1.14657,1.14663,32.0
2026-07-16T12:16:00.000000,1.14663,1.14664,1.14655,1.14661,37.0
2026-07-16T12:17:00.000000,1.1466,1.14664,1.14656,1.14663,35.0
2026-07-16T12:18:00.000000,1.14663,1.14665,1.14658,1.14663,34.0
2026-07-16T12:19:00.000000,1.14663,1.14664,1.14658,1.14662,33.0
2026-07-16T12:20:00.000000,1.14661,1.14664,1.14656,1.14662,55.0
2026-07-16T12:21:00.000000,1.14662,1.14675,1.1466,1.1467,44.0
2026-07-16T12:22:00.000000,1.1467,1.1467,1.14662,1.14667,27.0
2026-07-16T12:23:00.000000,1.14668,1.14669,1.14639,1.14641,41.0
2026-07-16T12:24:00.000000,1.14641,1.14649,1.1463700000000001,1.14643,67.0
2026-07-16T12:25:00.000000,1.14643,1.14644,1.14629,1.14636,57.0
2026-07-16T12:26:00.000000,1.1463700000000001,1.1465,1.14636,1.14644,45.0
2026-07-16T12:27:00.000000,1.14645,1.14649,1.1464,1.14642,47.0
2026-07-16T12:28:00.000000,1.14642,1.14657,1.14642,1.14655,62.0
2026-07-16T12:29:00.000000,1.14656,1.1466,1.14653,1.14659,33.0
2026-07-16T12:30:00.000000,1.14658,1.14659,1.14649,1.14657,56.0
2026-07-16T12:31:00.000000,1.14657,1.14657,1.14641,1.14644,52.0
2026-07-16T12:32:00.000000,1.14644,1.14648,1.1463700000000001,1.1463700000000001,37.0
2026-07-16T12:33:00.000000,1.14641,1.14646,1.1463700000000001,1.14638,44.0
2026-07-16T12:34:00.000000,1.14638,1.14639,1.14627,1.14632,64.0
2026-07-16T12:35:00.000000,1.14632,1.14648,1.14631,1.14646,58.0
2026-07-16T12:36:00.000000,1.14644,1.1464699999999999,1.14641,1.14642,46.0
2026-07-16T12:37:00.000000,1.14642,1.14642,1.14634,1.14641,52.0
2026-07-16T12:38:00.000000,1.14642,1.14643,1.14634,1.14642,58.0
2026-07-16T12:39:00.000000,1.14643,1.14643,1.14633,1.14633,48.0
2026-07-16T12:40:00.000000,1.14633,1.1464,1.14633,1.14636,42.0
2026-07-16T12:41:00.000000,1.14636,1.14646,1.14636,1.14644,40.0
2026-07-16T12:42:00.000000,1.14644,1.14653,1.14643,1.14652,40.0
2026-07-16T12:43:00.000000,1.14651,1.14658,1.14648,1.14652,38.0
2026-07-16T12:44:00.000000,1.14652,1.14653,1.14649,1.14652,29.0
2026-07-16T12:45:00.000000,1.14652,1.1466,1.14643,1.1466,73.0
2026-07-16T12:46:00.000000,1.1466,1.14668,1.14658,1.14663,52.0
2026-07-16T12:47:00.000000,1.14664,1.14667,1.14655,1.14666,39.0
2026-07-16T12:48:00.000000,1.14666,1.14668,1.14648,1.14653,39.0
2026-07-16T12:49:00.000000,1.14653,1.14664,1.14653,1.14659,40.0
2026-07-16T12:50:00.000000,1.14659,1.1466,1.14656,1.14657,24.0
2026-07-16T12:51:00.000000,1.14655,1.14657,1.14653,1.14653,29.0
2026-07-16T12:52:00.000000,1.14653,1.14657,1.14651,1.14651,26.0
2026-07-16T12:53:00.000000,1.14651,1.14653,1.14643,1.14643,27.0
2026-07-16T12:54:00.000000,1.14643,1.14644,1.14638,1.1464,28.0
2026-07-16T12:55:00.000000,1.1464,1.14649,1.1464,1.14642,24.0
2026-07-16T12:56:00.000000,1.14642,1.14644,1.14636,1.14639,35.0
2026-07-16T12:57:00.000000,1.14639,1.14646,1.14638,1.14645,61.0
2026-07-16T12:58:00.000000,1.14644,1.1465,1.14642,1.14643,33.0
2026-07-16T12:59:00.000000,1.14643,1.14643,1.1463,1.14635,53.0
2026-07-16T13:00:00.000000,1.14635,1.14635,1.14627,1.14632,43.0
2026-07-16T13:01:00.000000,1.14632,1.14639,1.14623,1.14628,52.0
2026-07-16T13:02:00.000000,1.14627,1.14627,1.14615,1.14616,26.0
2026-07-16T13:03:00.000000,1.14616,1.14619,1.14608,1.14619,55.0
2026-07-16T13:04:00.000000,1.14619,1.14622,1.14612,1.14615,47.0
2026-07-16T13:05:00.000000,1.14615,1.14624,1.14607,1.14623,70.0
2026-07-16T13:06:00.000000,1.14621,1.14635,1.14619,1.14633,76.0
2026-07-16T13:07:00.000000,1.14633,1.14635,1.14622,1.14635,84.0
2026-07-16T13:08:00.000000,1.14634,1.14636,1.14629,1.14629,27.0
2026-07-16T13:09:00.000000,1.1463,1.14638,1.14628,1.14629,49.0
2026-07-16T13:10:00.000000,1.14629,1.14636,1.14624,1.14634,43.0
2026-07-16T13:11:00.000000,1.14634,1.1464,1.14628,1.14639,30.0
2026-07-16T13:12:00.000000,1.14639,1.14648,1.14631,1.14648,46.0
2026-07-16T13:13:00.000000,1.14648,1.1465,1.14636,1.14639,40.0
2026-07-16T13:14:00.000000,1.14639,1.14654,1.14639,1.14651,20.0
2026-07-16T13:15:00.000000,1.14651,1.14656,1.14651,1.14653,34.0
2026-07-16T13:16:00.000000,1.14653,1.14664,1.14653,1.14663,46.0
2026-07-16T13:17:00.000000,1.14663,1.14665,1.14659,1.14663,32.0
2026-07-16T13:18:00.000000,1.14663,1.14667,1.1466,1.14664,30.0
2026-07-16T13:19:00.000000,1.14665,1.14673,1.14664,1.1467100000000001,29.0
2026-07-16T13:20:00.000000,1.1467100000000001,1.1467100000000001,1.14653,1.14655,50.0
2026-07-16T13:21:00.000000,1.14655,1.14664,1.14654,1.1466,44.0
2026-07-16T13:22:00.000000,1.1466,1.14668,1.14656,1.14668,37.0
2026-07-16T13:23:00.000000,1.14668,1.14673,1.14667,1.1467100000000001,33.0
2026-07-16T13:24:00.000000,1.1467,1.14678,1.1467,1.14677,26.0
2026-07-16T13:25:00.000000,1.1468,1.14682,1.14667,1.14667,52.0
2026-07-16T13:26:00.000000,1.14667,1.14673,1.14665,1.14668,26.0
2026-07-16T13:27:00.000000,1.14668,1.14673,1.14657,1.14665,34.0
2026-07-16T13:28:00.000000,1.14665,1.14665,1.14658,1.14662,34.0
2026-07-16T13:29:00.000000,1.14662,1.14664,1.14659,1.14663,27.0
2026-07-16T13:30:00.000000,1.14663,1.14663,1.14652,1.14656,46.0
2026-07-16T13:31:00.000000,1.14656,1.14658,1.14654,1.14657,34.0
2026-07-16T13:32:00.000000,1.14657,1.1466,1.14642,1.1464699999999999,68.0
2026-07-16T13:33:00.000000,1.14648,1.1465,1.14644,1.14648,46.0
2026-07-16T13:34:00.000000,1.1464699999999999,1.14655,1.1464699999999999,1.14651,34.0
2026-07-16T13:35:00.000000,1.1465,1.14653,1.14644,1.14646,32.0
2026-07-16T13:36:00.000000,1.14646,1.14655,1.14646,1.14655,18.0
2026-07-16T13:37:00.000000,1.14656,1.14661,1.14652,1.14653,47.0
2026-07-16T13:38:00.000000,1.14653,1.14659,1.14646,1.14655,39.0
2026-07-16T13:39:00.000000,1.14655,1.14657,1.14652,1.14657,25.0
2026-07-16T13:40:00.000000,1.14657,1.14657,1.14649,1.14655,38.0
2026-07-16T13:41:00.000000,1.14654,1.14658,1.14648,1.14655,50.0
2026-07-16T13:42:00.000000,1.14654,1.14663,1.14651,1.14661,33.0
2026-07-16T13:43:00.000000,1.14662,1.14662,1.14653,1.14654,17.0
2026-07-16T13:44:00.000000,1.14653,1.14661,1.14653,1.14656,51.0
2026-07-16T13:45:00.000000,1.14656,1.14662,1.14656,1.14661,18.0
2026-07-16T13:46:00.000000,1.14661,1.14674,1.14661,1.14673,27.0
2026-07-16T13:47:00.000000,1.14673,1.14673,1.14661,1.14662,21.0
2026-07-16T13:48:00.000000,1.14662,1.14665,1.14662,1.14664,31.0
2026-07-16T13:49:00.000000,1.14664,1.14664,1.14662,1.14664,19.0
2026-07-16T13:50:00.000000,1.14664,1.1467,1.14662,1.14669,28.0
2026-07-16T13:51:00.000000,1.14669,1.1468,1.14668,1.14679,20.0
2026-07-16T13:52:00.000000,1.14679,1.14679,1.14669,1.1467100000000001,31.0
2026-07-16T13:53:00.000000,1.14672,1.14674,1.14668,1.14674,23.0
2026-07-16T13:54:00.000000,1.14674,1.14684,1.14674,1.14674,34.0
2026-07-16T13:55:00.000000,1.14674,1.14677,1.14672,1.14673,30.0
2026-07-16T13:56:00.000000,1.14673,1.14679,1.1467,1.14674,38.0
2026-07-16T13:57:00.000000,1.14674,1.14674,1.14649,1.14653,39.0
2026-07-16T13:58:00.000000,1.14653,1.14663,1.14651,1.14653,46.0
2026-07-16T13:59:00.000000,1.14653,1.14659,1.14652,1.14653,47.0
2026-07-16T14:00:00.000000,1.14653,1.14655,1.14632,1.14636,57.0
2026-07-16T14:01:00.000000,1.14635,1.14636,1.14627,1.14633,44.0
2026-07-16T14:02:00.000000,1.14633,1.14636,1.14628,1.14635,33.0
2026-07-16T14:03:00.000000,1.14635,1.14635,1.14621,1.14625,44.0
2026-07-16T14:04:00.000000,1.14625,1.14633,1.14625,1.14628,42.0
2026-07-16T14:05:00.000000,1.14628,1.14638,1.14627,1.14634,43.0
2026-07-16T14:06:00.000000,1.14633,1.14633,1.14626,1.14628,28.0
2026-07-16T14:07:00.000000,1.14628,1.14636,1.14627,1.14633,38.0
2026-07-16T14:08:00.000000,1.14633,1.14639,1.14631,1.14633,34.0
2026-07-16T14:09:00.000000,1.14633,1.14638,1.14623,1.14624,52.0
2026-07-16T14:10:00.000000,1.14624,1.14638,1.14624,1.14633,44.0
2026-07-16T14:11:00.000000,1.14633,1.14643,1.14632,1.14642,44.0
2026-07-16T14:12:00.000000,1.14642,1.14648,1.14641,1.14648,40.0
2026-07-16T14:13:00.000000,1.14648,1.14649,1.14645,1.14646,20.0
2026-07-16T14:14:00.000000,1.14646,1.14651,1.14642,1.14646,42.0
2026-07-16T14:15:00.000000,1.14646,1.14653,1.14645,1.14653,33.0
2026-07-16T14:16:00.000000,1.14653,1.14663,1.14651,1.14655,27.0
2026-07-16T14:17:00.000000,1.14656,1.14656,1.14648,1.1465,43.0
2026-07-16T14:18:00.000000,1.14649,1.14654,1.1464699999999999,1.14648,28.0
2026-07-16T14:19:00.000000,1.14648,1.14653,1.14648,1.14653,19.0
2026-07-16T14:20:00.000000,1.14653,1.14653,1.14646,1.14649,24.0
2026-07-16T14:21:00.000000,1.14649,1.14655,1.14643,1.14645,40.0
2026-07-16T14:22:00.000000,1.14645,1.14646,1.14638,1.1464,35.0
2026-07-16T14:23:00.000000,1.14639,1.14641,1.14635,1.1464,28.0
2026-07-16T14:24:00.000000,1.14639,1.14648,1.14633,1.14645,49.0
2026-07-16T14:25:00.000000,1.14646,1.14646,1.14638,1.14639,35.0
2026-07-16T14:26:00.000000,1.14639,1.14643,1.14633,1.14633,38.0
2026-07-16T14:27:00.000000,1.14633,1.14636,1.14623,1.14623,46.0
2026-07-16T14:28:00.000000,1.14623,1.14623,1.14594,1.146,53.0
2026-07-16T14:29:00.000000,1.146,1.14604,1.14594,1.14599,52.0
2026-07-16T14:30:00.000000,1.14597,1.14609,1.14588,1.14606,92.0
2026-07-16T14:31:00.000000,1.14605,1.14607,1.146,1.14601,43.0
2026-07-16T14:32:00.000000,1.14601,1.14616,1.146,1.14615,56.0
2026-07-16T14:33:00.000000,1.14615,1.14619,1.14613,1.14618,31.0
2026-07-16T14:34:00.000000,1.14619,1.14623,1.14603,1.14604,55.0
2026-07-16T14:35:00.000000,1.14603,1.14609,1.14601,1.14603,39.0
2026-07-16T14:36:00.000000,1.14603,1.14607,1.14597,1.14602,23.0
2026-07-16T14:37:00.000000,1.14602,1.14614,1.14602,1.14613,24.0
2026-07-16T14:38:00.000000,1.14613,1.1461999999999999,1.1461000000000001,1.14619,31.0
2026-07-16T14:39:00.000000,1.14619,1.1461999999999999,1.14613,1.14617,29.0
2026-07-16T14:40:00.000000,1.14617,1.14617,1.14599,1.14602,54.0
2026-07-16T14:41:00.000000,1.14603,1.14615,1.14601,1.14615,48.0
2026-07-16T14:42:00.000000,1.14615,1.14619,1.14612,1.14619,32.0
2026-07-16T14:43:00.000000,1.14619,1.14619,1.14607,1.14608,29.0
2026-07-16T14:44:00.000000,1.14608,1.14609,1.14602,1.14604,31.0
2026-07-16T14:45:00.000000,1.14604,1.14604,1.1458599999999999,1.14592,46.0
2026-07-16T14:46:00.000000,1.14592,1.14594,1.14582,1.14587,62.0
2026-07-16T14:47:00.000000,1.14587,1.14602,1.14582,1.14602,59.0
2026-07-16T14:48:00.000000,1.14601,1.14613,1.14601,1.14608,49.0
2026-07-16T14:49:00.000000,1.14608,1.14621,1.14608,1.14618,24.0
2026-07-16T14:50:00.000000,1.14618,1.14622,1.1461000000000001,1.14614,55.0
2026-07-16T14:51:00.000000,1.14613,1.14619,1.14611,1.14615,40.0
2026-07-16T14:52:00.000000,1.14615,1.14623,1.14613,1.14623,39.0
2026-07-16T14:53:00.000000,1.14623,1.14631,1.14618,1.14629,33.0
2026-07-16T14:54:00.000000,1.14629,1.14629,1.14626,1.14628,10.0
2026-07-16T14:55:00.000000,1.14628,1.14629,1.14623,1.14623,24.0
2026-07-16T14:56:00.000000,1.14623,1.14627,1.14608,1.14609,62.0
2026-07-16T14:57:00.000000,1.14609,1.14612,1.14594,1.14603,63.0
2026-07-16T14:58:00.000000,1.14603,1.14605,1.1459,1.1459,44.0
2026-07-16T14:59:00.000000,1.1459,1.14603,1.14588,1.14603,60.0
2026-07-16T15:00:00.000000,1.14602,1.14619,1.14602,1.14614,63.0
2026-07-16T15:01:00.000000,1.14614,1.14616,1.14604,1.14616,73.0
2026-07-16T15:02:00.000000,1.14615,1.1461999999999999,1.14612,1.14614,41.0
2026-07-16T15:03:00.000000,1.14614,1.14625,1.14614,1.14624,25.0
2026-07-16T15:04:00.000000,1.14624,1.14628,1.14616,1.14627,46.0
2026-07-16T15:05:00.000000,1.14627,1.14631,1.14626,1.14628,59.0
2026-07-16T15:06:00.000000,1.14628,1.14629,1.14623,1.14623,28.0
2026-07-16T15:07:00.000000,1.14623,1.1463,1.14622,1.14629,35.0
2026-07-16T15:08:00.000000,1.14629,1.14629,1.14623,1.14625,41.0
2026-07-16T15:09:00.000000,1.14625,1.14638,1.14623,1.14638,59.0
2026-07-16T15:10:00.000000,1.1464,1.14642,1.14626,1.14627,59.0
2026-07-16T15:11:00.000000,1.14627,1.14634,1.14627,1.14633,25.0
2026-07-16T15:12:00.000000,1.14633,1.14638,1.14633,1.14634,32.0
2026-07-16T15:13:00.000000,1.14634,1.14654,1.14633,1.14653,42.0
2026-07-16T15:14:00.000000,1.14653,1.14664,1.14643,1.14645,54.0
2026-07-16T15:15:00.000000,1.14645,1.14652,1.14643,1.14644,38.0
2026-07-16T15:16:00.000000,1.14646,1.14656,1.14646,1.14652,47.0
2026-07-16T15:17:00.000000,1.14651,1.14654,1.14649,1.14651,39.0
2026-07-16T15:18:00.000000,1.14651,1.14662,1.1464699999999999,1.14662,64.0
2026-07-16T15:19:00.000000,1.14661,1.1467,1.14585,1.14613,79.0
2026-07-16T15:20:00.000000,1.14613,1.14625,1.14565,1.14608,299.0
2026-07-16T15:21:00.000000,1.14607,1.1463,1.14606,1.14628,149.0
2026-07-16T15:22:00.000000,1.14628,1.1464699999999999,1.14627,1.14634,94.0
2026-07-16T15:23:00.000000,1.14634,1.14634,1.14627,1.14629,65.0
2026-07-16T15:24:00.000000,1.1463,1.14644,1.14628,1.14639,69.0
2026-07-16T15:25:00.000000,1.1464,1.14679,1.1463700000000001,1.14677,85.0
2026-07-16T15:26:00.000000,1.14677,1.1468,1.14668,1.14672,74.0
2026-07-16T15:27:00.000000,1.14675,1.1468099999999999,1.14669,1.1467100000000001,75.0
2026-07-16T15:28:00.000000,1.1467100000000001,1.14688,1.1467100000000001,1.14683,71.0
2026-07-16T15:29:00.000000,1.14684,1.14689,1.1468099999999999,1.14685,48.0
2026-07-16T15:30:00.000000,1.14687,1.14693,1.1467,1.14691,102.0
2026-07-16T15:31:00.000000,1.14691,1.14702,1.14685,1.14689,101.0
2026-07-16T15:32:00.000000,1.14688,1.14698,1.14679,1.14689,93.0
2026-07-16T15:33:00.000000,1.14689,1.14697,1.14686,1.14694,63.0
2026-07-16T15:34:00.000000,1.14695,1.14697,1.1469,1.14692,45.0
2026-07-16T15:35:00.000000,1.14692,1.14698,1.14691,1.14691,41.0
2026-07-16T15:36:00.000000,1.14691,1.14702,1.14691,1.14699,66.0
2026-07-16T15:37:00.000000,1.14699,1.14707,1.14686,1.1469,78.0
2026-07-16T15:38:00.000000,1.14689,1.14691,1.14676,1.14682,53.0
2026-07-16T15:39:00.000000,1.14682,1.14682,1.1467100000000001,1.14673,51.0
2026-07-16T15:40:00.000000,1.14672,1.14675,1.14657,1.14659,112.0
2026-07-16T15:41:00.000000,1.14659,1.14667,1.14656,1.14656,52.0
2026-07-16T15:42:00.000000,1.14657,1.14667,1.14651,1.14653,53.0
2026-07-16T15:43:00.000000,1.14653,1.14656,1.14636,1.14638,43.0
2026-07-16T15:44:00.000000,1.14638,1.14648,1.14638,1.14646,43.0
2026-07-16T15:45:00.000000,1.1464699999999999,1.14648,1.14622,1.14628,58.0
2026-07-16T15:46:00.000000,1.14628,1.14633,1.14621,1.14625,58.0
2026-07-16T15:47:00.000000,1.14625,1.14643,1.14624,1.14634,87.0
2026-07-16T15:48:00.000000,1.14634,1.1464699999999999,1.14629,1.14643,66.0
2026-07-16T15:49:00.000000,1.14643,1.14653,1.14638,1.14652,52.0
2026-07-16T15:50:00.000000,1.14652,1.14652,1.14642,1.14646,65.0
2026-07-16T15:51:00.000000,1.14646,1.1464699999999999,1.14612,1.14638,103.0
2026-07-16T15:52:00.000000,1.14638,1.14648,1.14624,1.14634,115.0
2026-07-16T15:53:00.000000,1.14634,1.14646,1.14632,1.14636,81.0
2026-07-16T15:54:00.000000,1.14636,1.14636,1.14621,1.14624,90.0
2026-07-16T15:55:00.000000,1.14624,1.14625,1.14599,1.14608,109.0
2026-07-16T15:56:00.000000,1.14609,1.14634,1.14609,1.1463,58.0
2026-07-16T15:57:00.000000,1.14629,1.14643,1.14626,1.14638,37.0
2026-07-16T15:58:00.000000,1.1463700000000001,1.1464,1.14632,1.1463700000000001,32.0
2026-07-16T15:59:00.000000,1.14638,1.14642,1.14633,1.14634,66.0
2026-07-16T16:00:00.000000,1.14631,1.14649,1.1461999999999999,1.14642,160.0
2026-07-16T16:01:00.000000,1.14642,1.14652,1.14627,1.14627,59.0
2026-07-16T16:02:00.000000,1.14628,1.14629,1.14594,1.14599,59.0
2026-07-16T16:03:00.000000,1.14598,1.14601,1.14575,1.14578,89.0
2026-07-16T16:04:00.000000,1.14578,1.14591,1.14577,1.14583,86.0
2026-07-16T16:05:00.000000,1.14583,1.14594,1.14572,1.14578,112.0
2026-07-16T16:06:00.000000,1.14578,1.14582,1.14566,1.14572,91.0
2026-07-16T16:07:00.000000,1.14572,1.1457600000000001,1.14526,1.14539,156.0
2026-07-16T16:08:00.000000,1.14539,1.14573,1.14536,1.14573,114.0
2026-07-16T16:09:00.000000,1.14573,1.1458,1.1455899999999999,1.14562,94.0
2026-07-16T16:10:00.000000,1.14562,1.14574,1.14557,1.14566,85.0
2026-07-16T16:11:00.000000,1.14565,1.14569,1.14558,1.1455899999999999,97.0
2026-07-16T16:12:00.000000,1.1455899999999999,1.14562,1.14551,1.14553,83.0
2026-07-16T16:13:00.000000,1.14553,1.14554,1.14539,1.14539,101.0
2026-07-16T16:14:00.000000,1.1454,1.1454,1.14512,1.14526,136.0
2026-07-16T16:15:00.000000,1.14526,1.14533,1.14514,1.14531,98.0
2026-07-16T16:16:00.000000,1.14529,1.14533,1.14516,1.1453,86.0
2026-07-16T16:17:00.000000,1.1453,1.14557,1.14524,1.14557,115.0
2026-07-16T16:18:00.000000,1.14556,1.1456,1.14544,1.1454900000000001,99.0
2026-07-16T16:19:00.000000,1.14546,1.14554,1.14542,1.14542,63.0
2026-07-16T16:20:00.000000,1.14539,1.1454900000000001,1.14538,1.1454900000000001,53.0
2026-07-16T16:21:00.000000,1.14553,1.14553,1.14533,1.14536,77.0
2026-07-16T16:22:00.000000,1.14535,1.14539,1.1452499999999999,1.1453,54.0
2026-07-16T16:23:00.000000,1.14529,1.14535,1.1451500000000001,1.14516,67.0
2026-07-16T16:24:00.000000,1.14516,1.14529,1.1451500000000001,1.1452,63.0
2026-07-16T16:25:00.000000,1.1452,1.14522,1.14502,1.14502,72.0
2026-07-16T16:26:00.000000,1.14502,1.14509,1.14486,1.14489,76.0
2026-07-16T16:27:00.000000,1.14489,1.14491,1.1448,1.1448800000000001,63.0
2026-07-16T16:28:00.000000,1.1448800000000001,1.14491,1.1447,1.14479,80.0
2026-07-16T16:29:00.000000,1.1448,1.14482,1.14472,1.14476,57.0
2026-07-16T16:30:00.000000,1.14476,1.14491,1.14475,1.14477,134.0
2026-07-16T16:31:00.000000,1.14478,1.14478,1.14458,1.14458,88.0
2026-07-16T16:32:00.000000,1.14458,1.14474,1.14456,1.14457,115.0
2026-07-16T16:33:00.000000,1.14458,1.14474,1.14455,1.14459,102.0
2026-07-16T16:34:00.000000,1.14459,1.14459,1.14445,1.1445400000000001,75.0
2026-07-16T16:35:00.000000,1.1445400000000001,1.14489,1.14453,1.14484,103.0
2026-07-16T16:36:00.000000,1.14484,1.14485,1.14469,1.14475,95.0
2026-07-16T16:37:00.000000,1.14475,1.1449799999999999,1.14474,1.1449,89.0
2026-07-16T16:38:00.000000,1.1449,1.14496,1.1448,1.14492,93.0
2026-07-16T16:39:00.000000,1.14491,1.14504,1.14486,1.14504,64.0
2026-07-16T16:40:00.000000,1.14504,1.14516,1.145,1.14511,76.0
2026-07-16T16:41:00.000000,1.14511,1.14521,1.14499,1.1452,57.0
2026-07-16T16:42:00.000000,1.14517,1.14529,1.14516,1.14526,74.0
2026-07-16T16:43:00.000000,1.14526,1.14536,1.1452499999999999,1.14529,71.0
2026-07-16T16:44:00.000000,1.14529,1.14534,1.14516,1.14534,56.0
2026-07-16T16:45:00.000000,1.14534,1.14534,1.14514,1.14519,61.0
2026-07-16T16:46:00.000000,1.14519,1.14522,1.14508,1.14509,42.0
2026-07-16T16:47:00.000000,1.14509,1.1453,1.14509,1.14529,70.0
2026-07-16T16:48:00.000000,1.14529,1.1453,1.14516,1.14517,58.0
2026-07-16T16:49:00.000000,1.14517,1.14537,1.14517,1.14537,78.0
2026-07-16T16:50:00.000000,1.14538,1.14544,1.14533,1.14538,74.0
2026-07-16T16:51:00.000000,1.14539,1.14555,1.14537,1.14555,65.0
2026-07-16T16:52:00.000000,1.14555,1.14555,1.14534,1.14536,66.0
2026-07-16T16:53:00.000000,1.14537,1.1455,1.14537,1.1454900000000001,74.0
2026-07-16T16:54:00.000000,1.1454900000000001,1.14554,1.14547,1.1454900000000001,70.0
2026-07-16T16:55:00.000000,1.14544,1.14551,1.14543,1.14544,75.0
2026-07-16T16:56:00.000000,1.14544,1.14554,1.14538,1.14553,65.0
2026-07-16T16:57:00.000000,1.14553,1.14571,1.14552,1.14566,63.0
2026-07-16T16:58:00.000000,1.14567,1.14578,1.14566,1.1457600000000001,58.0
2026-07-16T16:59:00.000000,1.1457600000000001,1.14584,1.14564,1.14582,82.0
2026-07-16T17:00:00.000000,1.14581,1.14591,1.1457600000000001,1.1458,89.0
2026-07-16T17:01:00.000000,1.1458,1.14589,1.14574,1.14578,91.0
2026-07-16T17:02:00.000000,1.14578,1.14591,1.14574,1.14589,109.0
2026-07-16T17:03:00.000000,1.1459,1.1459,1.14569,1.14569,100.0
2026-07-16T17:04:00.000000,1.14569,1.14573,1.14564,1.14568,79.0
2026-07-16T17:05:00.000000,1.14568,1.14569,1.14545,1.14555,110.0
2026-07-16T17:06:00.000000,1.14555,1.14561,1.14548,1.1456,86.0
2026-07-16T17:07:00.000000,1.14561,1.14575,1.1456,1.14568,103.0
2026-07-16T17:08:00.000000,1.14568,1.1457,1.1456,1.14569,61.0
2026-07-16T17:09:00.000000,1.1457,1.14581,1.14568,1.14571,91.0
2026-07-16T17:10:00.000000,1.14573,1.14588,1.14573,1.14579,80.0
2026-07-16T17:11:00.000000,1.1458,1.14582,1.14565,1.1457,102.0
2026-07-16T17:12:00.000000,1.1457,1.14572,1.14558,1.1455899999999999,90.0
2026-07-16T17:13:00.000000,1.1455899999999999,1.14565,1.14552,1.14558,99.0
2026-07-16T17:14:00.000000,1.14552,1.14552,1.14533,1.14535,102.0
2026-07-16T17:15:00.000000,1.14536,1.14538,1.14521,1.14522,126.0
2026-07-16T17:16:00.000000,1.14522,1.14533,1.1452,1.14528,84.0
2026-07-16T17:17:00.000000,1.14528,1.14533,1.14522,1.14524,64.0
2026-07-16T17:18:00.000000,1.14523,1.14532,1.14522,1.14528,88.0
2026-07-16T17:19:00.000000,1.14527,1.14534,1.1452499999999999,1.14533,78.0
2026-07-16T17:20:00.000000,1.14533,1.14548,1.14533,1.14544,98.0
2026-07-16T17:21:00.000000,1.14543,1.14545,1.14524,1.14533,80.0
2026-07-16T17:22:00.000000,1.14532,1.14544,1.14531,1.14538,102.0
2026-07-16T17:23:00.000000,1.14538,1.1455899999999999,1.14536,1.14554,89.0
2026-07-16T17:24:00.000000,1.14554,1.14561,1.14547,1.14552,97.0
2026-07-16T17:25:00.000000,1.14552,1.14552,1.14528,1.14537,139.0
2026-07-16T17:26:00.000000,1.14537,1.14539,1.14517,1.1452,118.0
2026-07-16T17:27:00.000000,1.1452,1.1452499999999999,1.14504,1.14505,80.0
2026-07-16T17:28:00.000000,1.14505,1.14512,1.14504,1.14509,73.0
2026-07-16T17:29:00.000000,1.14509,1.14511,1.14495,1.14497,70.0
2026-07-16T17:30:00.000000,1.14497,1.14508,1.14493,1.14504,88.0
2026-07-16T17:31:00.000000,1.14505,1.14535,1.14504,1.14534,97.0
2026-07-16T17:32:00.000000,1.14534,1.14535,1.14508,1.14511,142.0
2026-07-16T17:33:00.000000,1.1451,1.14522,1.14507,1.14521,108.0
2026-07-16T17:34:00.000000,1.14521,1.1454,1.14518,1.1454,106.0
2026-07-16T17:35:00.000000,1.14539,1.14539,1.14523,1.14534,106.0
2026-07-16T17:36:00.000000,1.14534,1.14535,1.14527,1.14527,75.0
2026-07-16T17:37:00.000000,1.14526,1.14531,1.14523,1.14524,90.0
2026-07-16T17:38:00.000000,1.1452499999999999,1.14526,1.1452,1.1452,45.0
2026-07-16T17:39:00.000000,1.14521,1.14521,1.14502,1.14502,80.0
2026-07-16T17:40:00.000000,1.14502,1.14502,1.14461,1.14462,130.0
2026-07-16T17:41:00.000000,1.14462,1.14475,1.1445,1.14473,81.0
2026-07-16T17:42:00.000000,1.14472,1.14476,1.1445400000000001,1.1445400000000001,116.0
2026-07-16T17:43:00.000000,1.1445400000000001,1.14475,1.1445400000000001,1.14474,81.0
2026-07-16T17:44:00.000000,1.14475,1.14484,1.14469,1.14482,70.0
2026-07-16T17:45:00.000000,1.14482,1.14484,1.14469,1.1448,93.0
2026-07-16T17:46:00.000000,1.1448,1.14492,1.14479,1.14484,74.0
2026-07-16T17:47:00.000000,1.14484,1.14513,1.14481,1.14509,109.0
2026-07-16T17:48:00.000000,1.14509,1.14513,1.14505,1.14509,64.0
2026-07-16T17:49:00.000000,1.14509,1.14514,1.14501,1.14514,71.0
2026-07-16T17:50:00.000000,1.14514,1.14524,1.14508,1.14514,73.0
2026-07-16T17:51:00.000000,1.14514,1.1451500000000001,1.14503,1.14509,72.0
2026-07-16T17:52:00.000000,1.14509,1.14516,1.14509,1.14514,53.0
2026-07-16T17:53:00.000000,1.14514,1.14514,1.14489,1.14499,80.0
2026-07-16T17:54:00.000000,1.14497,1.14506,1.14496,1.145,57.0
2026-07-16T17:55:00.000000,1.145,1.14509,1.14499,1.14509,55.0
2026-07-16T17:56:00.000000,1.14509,1.14516,1.14505,1.14509,56.0
2026-07-16T17:57:00.000000,1.14509,1.14519,1.14499,1.14513,57.0
2026-07-16T17:58:00.000000,1.14513,1.14514,1.14504,1.1451,73.0
2026-07-16T17:59:00.000000,1.14509,1.14509,1.14491,1.14492,86.0
2026-07-16T18:00:00.000000,1.14493,1.14501,1.14491,1.145,67.0
2026-07-16T18:01:00.000000,1.145,1.14521,1.14499,1.14521,66.0
2026-07-16T18:02:00.000000,1.1452,1.14523,1.14503,1.14509,88.0
2026-07-16T18:03:00.000000,1.14509,1.14514,1.14504,1.1451,86.0
2026-07-16T18:04:00.000000,1.1451,1.14519,1.1451,1.14514,32.0
2026-07-16T18:05:00.000000,1.14514,1.14514,1.14478,1.14479,80.0
2026-07-16T18:06:00.000000,1.1448,1.1448,1.1445400000000001,1.14458,106.0
2026-07-16T18:07:00.000000,1.14459,1.14462,1.14448,1.14459,91.0
2026-07-16T18:08:00.000000,1.14459,1.14459,1.14447,1.14451,72.0
2026-07-16T18:09:00.000000,1.1445,1.14452,1.14435,1.14442,82.0
2026-07-16T18:10:00.000000,1.14442,1.14446,1.14436,1.1443699999999999,90.0
2026-07-16T18:11:00.000000,1.1443699999999999,1.14441,1.14423,1.14428,70.0
2026-07-16T18:12:00.000000,1.14429,1.1444,1.14426,1.14432,102.0
2026-07-16T18:13:00.000000,1.14431,1.14438,1.14425,1.14436,88.0
2026-07-16T18:14:00.000000,1.14436,1.14448,1.14435,1.14447,77.0
2026-07-16T18:15:00.000000,1.14447,1.14459,1.14447,1.14458,70.0
2026-07-16T18:16:00.000000,1.14458,1.14462,1.14451,1.14459,88.0
2026-07-16T18:17:00.000000,1.14459,1.14459,1.1443699999999999,1.1444,81.0
2026-07-16T18:18:00.000000,1.14439,1.14445,1.14422,1.14423,99.0
2026-07-16T18:19:00.000000,1.14423,1.14431,1.14418,1.14428,84.0
2026-07-16T18:20:00.000000,1.1442700000000001,1.14435,1.14419,1.14423,76.0
2026-07-16T18:21:00.000000,1.14423,1.1442700000000001,1.14417,1.14419,62.0
2026-07-16T18:22:00.000000,1.14419,1.14429,1.14407,1.1441,111.0
2026-07-16T18:23:00.000000,1.1441,1.14416,1.1440299999999999,1.14404,112.0
2026-07-16T18:24:00.000000,1.14405,1.14416,1.144,1.14415,74.0
2026-07-16T18:25:00.000000,1.14414,1.14415,1.14405,1.14413,95.0
2026-07-16T18:26:00.000000,1.14412,1.14421,1.144,1.1442,90.0
2026-07-16T18:27:00.000000,1.14419,1.14452,1.14417,1.14432,144.0
2026-07-16T18:28:00.000000,1.14433,1.1443699999999999,1.14429,1.14431,78.0
2026-07-16T18:29:00.000000,1.14428,1.14436,1.14426,1.14429,82.0
2026-07-16T18:30:00.000000,1.14428,1.14431,1.14414,1.14419,104.0
2026-07-16T18:31:00.000000,1.14418,1.14421,1.14411,1.14414,102.0
2026-07-16T18:32:00.000000,1.14412,1.14415,1.14383,1.14384,116.0
2026-07-16T18:33:00.000000,1.14384,1.14385,1.14365,1.14373,134.0
2026-07-16T18:34:00.000000,1.14374,1.14384,1.14368,1.14378,92.0
2026-07-16T18:35:00.000000,1.14381,1.14397,1.1438,1.14387,102.0
2026-07-16T18:36:00.000000,1.14387,1.14388,1.1437599999999999,1.14387,110.0
2026-07-16T18:37:00.000000,1.14387,1.14399,1.14385,1.14396,62.0
2026-07-16T18:38:00.000000,1.14397,1.14401,1.14381,1.14386,54.0
2026-07-16T18:39:00.000000,1.14386,1.14395,1.14383,1.14389,41.0
2026-07-16T18:40:00.000000,1.14389,1.14394,1.14389,1.1439300000000001,52.0
2026-07-16T18:41:00.000000,1.1439300000000001,1.14414,1.1439300000000001,1.14414,72.0
2026-07-16T18:42:00.000000,1.14414,1.14415,1.1440299999999999,1.14409,63.0
2026-07-16T18:43:00.000000,1.14409,1.14415,1.14404,1.1441,52.0
2026-07-16T18:44:00.000000,1.1441,1.14418,1.14409,1.14418,61.0
2026-07-16T18:45:00.000000,1.14418,1.14429,1.14418,1.14428,60.0
2026-07-16T18:46:00.000000,1.14428,1.14433,1.14415,1.14421,89.0
2026-07-16T18:47:00.000000,1.14421,1.14423,1.14418,1.1442,44.0
2026-07-16T18:48:00.000000,1.14421,1.14428,1.14419,1.14423,68.0
2026-07-16T18:49:00.000000,1.14424,1.14424,1.14415,1.14416,61.0
2026-07-16T18:50:00.000000,1.14417,1.14424,1.14414,1.14424,40.0
2026-07-16T18:51:00.000000,1.14424,1.14428,1.14419,1.14421,36.0
2026-07-16T18:52:00.000000,1.1442,1.1444,1.14419,1.14434,57.0
2026-07-16T18:53:00.000000,1.14434,1.14434,1.14414,1.14415,52.0
2026-07-16T18:54:00.000000,1.14415,1.1442,1.14399,1.144,47.0
2026-07-16T18:55:00.000000,1.144,1.14418,1.14399,1.14413,76.0
2026-07-16T18:56:00.000000,1.14413,1.14417,1.14407,1.14409,57.0
2026-07-16T18:57:00.000000,1.14409,1.14415,1.14408,1.14413,58.0
2026-07-16T18:58:00.000000,1.1441,1.14414,1.14402,1.14414,74.0
2026-07-16T18:59:00.000000,1.14414,1.14418,1.14404,1.14404,79.0
2026-07-16T19:00:00.000000,1.14404,1.1442,1.144,1.14419,89.0
2026-07-16T19:01:00.000000,1.14419,1.14426,1.14419,1.14421,52.0
2026-07-16T19:02:00.000000,1.14422,1.14432,1.14417,1.14432,52.0
2026-07-16T19:03:00.000000,1.14432,1.14442,1.14422,1.14442,81.0
2026-07-16T19:04:00.000000,1.14444,1.14451,1.14441,1.14449,53.0
2026-07-16T19:05:00.000000,1.14449,1.14451,1.14439,1.14439,54.0
2026-07-16T19:06:00.000000,1.14439,1.14439,1.1443,1.14434,54.0
2026-07-16T19:07:00.000000,1.14436,1.1444,1.14434,1.14439,39.0
2026-07-16T19:08:00.000000,1.14439,1.1445,1.14436,1.14448,43.0
2026-07-16T19:09:00.000000,1.14449,1.1445400000000001,1.14448,1.14451,48.0
2026-07-16T19:10:00.000000,1.1445,1.14452,1.14445,1.14445,51.0
2026-07-16T19:11:00.000000,1.14445,1.14455,1.14444,1.14451,59.0
2026-07-16T19:12:00.000000,1.14452,1.14459,1.14452,1.1445400000000001,41.0
2026-07-16T19:13:00.000000,1.14455,1.14459,1.14452,1.14453,50.0
2026-07-16T19:14:00.000000,1.14453,1.14468,1.14451,1.14465,62.0
2026-07-16T19:15:00.000000,1.14465,1.14466,1.14455,1.14458,56.0
2026-07-16T19:16:00.000000,1.14458,1.14465,1.14456,1.14459,57.0
2026-07-16T19:17:00.000000,1.14459,1.14469,1.14459,1.1446399999999999,27.0
2026-07-16T19:18:00.000000,1.1446399999999999,1.14481,1.1446399999999999,1.1448,50.0
2026-07-16T19:19:00.000000,1.14481,1.14487,1.1448,1.14486,51.0
2026-07-16T19:20:00.000000,1.14485,1.14486,1.14471,1.14478,43.0
2026-07-16T19:21:00.000000,1.14478,1.14481,1.14475,1.1448,34.0
2026-07-16T19:22:00.000000,1.1448,1.14491,1.14478,1.14489,36.0
2026-07-16T19:23:00.000000,1.14489,1.14496,1.14489,1.14489,32.0
2026-07-16T19:24:00.000000,1.1449,1.14496,1.14489,1.14494,26.0
2026-07-16T19:25:00.000000,1.14493,1.14495,1.14484,1.14485,53.0
2026-07-16T19:26:00.000000,1.14485,1.14489,1.14465,1.14466,55.0
2026-07-16T19:27:00.000000,1.14465,1.14476,1.14463,1.14465,73.0
2026-07-16T19:28:00.000000,1.14465,1.14467,1.14456,1.14465,54.0
2026-07-16T19:29:00.000000,1.14465,1.14472,1.1446399999999999,1.1447,30.0
2026-07-16T19:30:00.000000,1.1447,1.14471,1.14455,1.14455,42.0
2026-07-16T19:31:00.000000,1.14456,1.14467,1.14456,1.1446399999999999,67.0
2026-07-16T19:32:00.000000,1.1446399999999999,1.14465,1.14438,1.14439,67.0
2026-07-16T19:33:00.000000,1.14439,1.14446,1.14438,1.14445,53.0
2026-07-16T19:34:00.000000,1.14445,1.14446,1.14435,1.1443699999999999,37.0
2026-07-16T19:35:00.000000,1.1443699999999999,1.14441,1.1442700000000001,1.1442700000000001,77.0
2026-07-16T19:36:00.000000,1.1442700000000001,1.14433,1.14425,1.14429,58.0
2026-07-16T19:37:00.000000,1.14428,1.14434,1.14423,1.14423,54.0
2026-07-16T19:38:00.000000,1.14423,1.14431,1.14412,1.14413,41.0
2026-07-16T19:39:00.000000,1.14413,1.14417,1.14411,1.14414,31.0
2026-07-16T19:40:00.000000,1.14414,1.14415,1.14408,1.1441,40.0
2026-07-16T19:41:00.000000,1.1441,1.14426,1.1441,1.14424,46.0
2026-07-16T19:42:00.000000,1.14425,1.14426,1.14422,1.14422,26.0
2026-07-16T19:43:00.000000,1.14421,1.14429,1.14419,1.14429,43.0
2026-07-16T19:44:00.000000,1.14429,1.1443,1.14418,1.14419,44.0
2026-07-16T19:45:00.000000,1.14419,1.14421,1.14414,1.14421,46.0
2026-07-16T19:46:00.000000,1.14421,1.14426,1.1442,1.14426,62.0
2026-07-16T19:47:00.000000,1.14426,1.14429,1.14419,1.14421,35.0
2026-07-16T19:48:00.000000,1.14421,1.14424,1.14412,1.14413,39.0
2026-07-16T19:49:00.000000,1.14412,1.14416,1.14404,1.14406,58.0
2026-07-16T19:50:00.000000,1.14406,1.14407,1.14383,1.14385,139.0
2026-07-16T19:51:00.000000,1.14387,1.14391,1.1438,1.1439,84.0
2026-07-16T19:52:00.000000,1.1439,1.1439,1.14378,1.14383,73.0
2026-07-16T19:53:00.000000,1.14383,1.14386,1.14374,1.14375,56.0
2026-07-16T19:54:00.000000,1.14375,1.1438,1.14361,1.14368,89.0
2026-07-16T19:55:00.000000,1.14369,1.14372,1.14361,1.14365,76.0
2026-07-16T19:56:00.000000,1.14365,1.14365,1.14355,1.14359,52.0
2026-07-16T19:57:00.000000,1.14359,1.1437599999999999,1.14357,1.14374,81.0
2026-07-16T19:58:00.000000,1.14375,1.14377,1.1436600000000001,1.14368,39.0
2026-07-16T19:59:00.000000,1.14368,1.14368,1.14358,1.14361,36.0
2026-07-16T20:00:00.000000,1.14362,1.14368,1.14357,1.14365,56.0
2026-07-16T20:01:00.000000,1.14364,1.14375,1.1436,1.14374,40.0
2026-07-16T20:02:00.000000,1.14374,1.14386,1.14374,1.1438,49.0
2026-07-16T20:03:00.000000,1.1438,1.1438,1.14372,1.14375,52.0
2026-07-16T20:04:00.000000,1.14375,1.14381,1.14371,1.1438,32.0
2026-07-16T20:05:00.000000,1.1438,1.14381,1.14375,1.14377,39.0
2026-07-16T20:06:00.000000,1.14377,1.1438,1.14371,1.14371,32.0
2026-07-16T20:07:00.000000,1.14371,1.14373,1.14369,1.1437,48.0
2026-07-16T20:08:00.000000,1.1437,1.14381,1.1437,1.14381,55.0
2026-07-16T20:09:00.000000,1.14381,1.14384,1.14365,1.14369,45.0
2026-07-16T20:10:00.000000,1.14369,1.14369,1.1435,1.14351,45.0
2026-07-16T20:11:00.000000,1.14352,1.14355,1.14348,1.14353,42.0
2026-07-16T20:12:00.000000,1.14352,1.14353,1.14346,1.14352,38.0
2026-07-16T20:13:00.000000,1.14352,1.14361,1.14352,1.1436,34.0
2026-07-16T20:14:00.000000,1.14359,1.14374,1.14359,1.1437,36.0
2026-07-16T20:15:00.000000,1.1437,1.14371,1.14365,1.14365,40.0
2026-07-16T20:16:00.000000,1.14365,1.14365,1.14359,1.14361,53.0
2026-07-16T20:17:00.000000,1.14361,1.14375,1.14359,1.14369,42.0
2026-07-16T20:18:00.000000,1.14369,1.14374,1.14368,1.14369,29.0
2026-07-16T20:19:00.000000,1.14369,1.14375,1.14368,1.14371,42.0
2026-07-16T20:20:00.000000,1.1437,1.1437599999999999,1.14365,1.14374,37.0
2026-07-16T20:21:00.000000,1.14374,1.14381,1.14373,1.14375,47.0
2026-07-16T20:22:00.000000,1.14375,1.14375,1.14363,1.14363,50.0
2026-07-16T20:23:00.000000,1.14362,1.1436600000000001,1.14354,1.14355,34.0
2026-07-16T20:24:00.000000,1.14355,1.14359,1.14353,1.14355,51.0
2026-07-16T20:25:00.000000,1.14355,1.14369,1.14355,1.14361,73.0
2026-07-16T20:26:00.000000,1.14362,1.14363,1.14355,1.14358,46.0
2026-07-16T20:27:00.000000,1.14358,1.14365,1.14356,1.14358,42.0
2026-07-16T20:28:00.000000,1.14358,1.14359,1.14345,1.14345,56.0
2026-07-16T20:29:00.000000,1.14345,1.1435,1.14341,1.14348,49.0
2026-07-16T20:30:00.000000,1.14348,1.14352,1.1434199999999999,1.14348,65.0
2026-07-16T20:31:00.000000,1.14348,1.14349,1.14343,1.14343,49.0
2026-07-16T20:32:00.000000,1.14343,1.14344,1.14324,1.14324,43.0
2026-07-16T20:33:00.000000,1.14326,1.1433200000000001,1.14323,1.14324,59.0
2026-07-16T20:34:00.000000,1.14324,1.14324,1.14314,1.14323,65.0
2026-07-16T20:35:00.000000,1.14324,1.14324,1.14317,1.14319,63.0
2026-07-16T20:36:00.000000,1.14318,1.1432,1.14314,1.14319,31.0
2026-07-16T20:37:00.000000,1.14319,1.14324,1.14317,1.14318,74.0
2026-07-16T20:38:00.000000,1.14318,1.14321,1.14314,1.14319,37.0
2026-07-16T20:39:00.000000,1.14318,1.14319,1.1431499999999999,1.14319,44.0
2026-07-16T20:40:00.000000,1.14319,1.14326,1.14311,1.1431499999999999,51.0
2026-07-16T20:41:00.000000,1.1431499999999999,1.1432,1.14314,1.14319,39.0
2026-07-16T20:42:00.000000,1.14319,1.14324,1.1431499999999999,1.14316,32.0
2026-07-16T20:43:00.000000,1.1431499999999999,1.14321,1.1431499999999999,1.14316,29.0
2026-07-16T20:44:00.000000,1.14316,1.14321,1.14313,1.1432,44.0
2026-07-16T20:45:00.000000,1.1432,1.14326,1.14318,1.14325,52.0
2026-07-16T20:46:00.000000,1.14325,1.14329,1.14322,1.14324,24.0
2026-07-16T20:47:00.000000,1.14324,1.14335,1.14322,1.14334,53.0
2026-07-16T20:48:00.000000,1.14335,1.14339,1.14328,1.14329,41.0
2026-07-16T20:49:00.000000,1.14329,1.14339,1.14327,1.14337,57.0
2026-07-16T20:50:00.000000,1.14339,1.1434199999999999,1.14336,1.14339,35.0
2026-07-16T20:51:00.000000,1.14339,1.14341,1.14336,1.14341,27.0
2026-07-16T20:52:00.000000,1.14341,1.14341,1.14336,1.1434,39.0
2026-07-16T20:53:00.000000,1.1434,1.14346,1.14339,1.14339,24.0
2026-07-16T20:54:00.000000,1.14339,1.14346,1.14339,1.14345,23.0
2026-07-16T20:55:00.000000,1.14345,1.14346,1.14343,1.14346,10.0
2026-07-16T20:56:00.000000,1.14345,1.14346,1.14341,1.14341,7.0
2026-07-16T20:57:00.000000,1.14341,1.14344,1.14339,1.14344,26.0
2026-07-16T20:58:00.000000,1.14344,1.14351,1.14343,1.14345,32.0
2026-07-16T20:59:00.000000,1.14345,1.14352,1.14345,1.14351,14.0
2026-07-16T21:00:00.000000,1.14351,1.14357,1.14351,1.14355,24.0
2026-07-16T21:01:00.000000,1.14356,1.14357,1.14354,1.14356,23.0
2026-07-16T21:02:00.000000,1.14356,1.14357,1.14346,1.14346,30.0
2026-07-16T21:03:00.000000,1.14347,1.14347,1.1434,1.14341,23.0
2026-07-16T21:04:00.000000,1.1434,1.14341,1.14335,1.14339,31.0
2026-07-16T21:05:00.000000,1.14339,1.14341,1.14336,1.14338,21.0
2026-07-16T21:06:00.000000,1.14338,1.14338,1.14327,1.14328,34.0
2026-07-16T21:07:00.000000,1.14328,1.14331,1.14327,1.14331,28.0
2026-07-16T21:08:00.000000,1.14331,1.14336,1.14329,1.14331,40.0
2026-07-16T21:09:00.000000,1.14331,1.14335,1.14329,1.14335,36.0
2026-07-16T21:10:00.000000,1.14335,1.1434199999999999,1.14334,1.1434199999999999,25.0
2026-07-16T21:11:00.000000,1.14341,1.14346,1.14337,1.14339,20.0
2026-07-16T21:12:00.000000,1.14339,1.14349,1.14337,1.14339,52.0
2026-07-16T21:13:00.000000,1.14339,1.14346,1.14336,1.14345,40.0
2026-07-16T21:14:00.000000,1.14346,1.14351,1.14345,1.14346,47.0
2026-07-16T21:15:00.000000,1.14346,1.14351,1.14344,1.14347,62.0
2026-07-16T21:16:00.000000,1.14347,1.14356,1.14346,1.14354,28.0
2026-07-16T21:17:00.000000,1.14354,1.14361,1.14353,1.1436,42.0
2026-07-16T21:18:00.000000,1.1436,1.14368,1.1436,1.1436600000000001,37.0
2026-07-16T21:19:00.000000,1.14367,1.14369,1.14361,1.14365,30.0
2026-07-16T21:20:00.000000,1.14365,1.14367,1.14361,1.1436600000000001,55.0
2026-07-16T21:21:00.000000,1.1436600000000001,1.14372,1.14364,1.14371,52.0
2026-07-16T21:22:00.000000,1.14371,1.1437599999999999,1.14371,1.14375,42.0
2026-07-16T21:23:00.000000,1.14375,1.14381,1.14374,1.1438,50.0
2026-07-16T21:24:00.000000,1.14381,1.14383,1.1437599999999999,1.1437599999999999,25.0
2026-07-16T21:25:00.000000,1.1437599999999999,1.14377,1.1437,1.1437599999999999,22.0
2026-07-16T21:26:00.000000,1.1437599999999999,1.14382,1.14375,1.1438,35.0
2026-07-16T21:27:00.000000,1.1438,1.14381,1.14371,1.14372,37.0
2026-07-16T21:28:00.000000,1.14373,1.14373,1.1436600000000001,1.14367,25.0
2026-07-16T21:29:00.000000,1.14368,1.1437,1.14365,1.14365,49.0
2026-07-16T21:30:00.000000,1.14367,1.14368,1.14357,1.14361,82.0
2026-07-16T21:31:00.000000,1.14361,1.14363,1.14359,1.1436,50.0
2026-07-16T21:32:00.000000,1.1436,1.14364,1.14355,1.14356,27.0
2026-07-16T21:33:00.000000,1.14356,1.14357,1.14351,1.14353,39.0
2026-07-16T21:34:00.000000,1.14356,1.14356,1.1435,1.14351,25.0
2026-07-16T21:35:00.000000,1.1435,1.14357,1.1435,1.14352,39.0
2026-07-16T21:36:00.000000,1.14352,1.14354,1.1435,1.14351,17.0
2026-07-16T21:37:00.000000,1.14352,1.14357,1.14351,1.14357,53.0
2026-07-16T21:38:00.000000,1.14357,1.1436,1.14354,1.14357,55.0
2026-07-16T21:39:00.000000,1.14358,1.14369,1.14357,1.14362,50.0
2026-07-16T21:40:00.000000,1.14361,1.14369,1.14361,1.1436600000000001,47.0
2026-07-16T21:41:00.000000,1.14365,1.1438,1.14365,1.14374,51.0
2026-07-16T21:42:00.000000,1.14373,1.14379,1.14371,1.14372,32.0
2026-07-16T21:43:00.000000,1.14372,1.14379,1.14371,1.14379,31.0
2026-07-16T21:44:00.000000,1.14379,1.14379,1.14373,1.1437599999999999,31.0
2026-07-16T21:45:00.000000,1.1437599999999999,1.14377,1.14375,1.1437599999999999,15.0
2026-07-16T21:46:00.000000,1.1437599999999999,1.14382,1.1437599999999999,1.14381,39.0
2026-07-16T21:47:00.000000,1.14381,1.14382,1.1438,1.14381,15.0
2026-07-16T21:48:00.000000,1.14381,1.14382,1.1437599999999999,1.14379,16.0
2026-07-16T21:49:00.000000,1.14379,1.14382,1.14379,1.14379,33.0
2026-07-16T21:50:00.000000,1.1438,1.14381,1.14375,1.14378,62.0
2026-07-16T21:51:00.000000,1.14379,1.14392,1.14378,1.14386,49.0
2026-07-16T21:52:00.000000,1.14386,1.14389,1.14379,1.1438,25.0
2026-07-16T21:53:00.000000,1.1438,1.14387,1.14378,1.14384,52.0
2026-07-16T21:54:00.000000,1.14384,1.14388,1.14369,1.14371,62.0
2026-07-16T21:55:00.000000,1.1437,1.14372,1.14365,1.14368,62.0
2026-07-16T21:56:00.000000,1.14368,1.14372,1.14368,1.1437,36.0
2026-07-16T21:57:00.000000,1.1437,1.14371,1.1436600000000001,1.14367,27.0
2026-07-16T21:58:00.000000,1.14369,1.1437599999999999,1.14367,1.14373,35.0
2026-07-16T21:59:00.000000,1.14374,1.14374,1.14364,1.1436600000000001,45.0
2026-07-16T22:00:00.000000,1.1436600000000001,1.14367,1.14361,1.14362,56.0
2026-07-16T22:01:00.000000,1.14361,1.14375,1.14361,1.14374,62.0
2026-07-16T22:02:00.000000,1.14374,1.14375,1.1437,1.14371,39.0
2026-07-16T22:03:00.000000,1.14371,1.14372,1.1436600000000001,1.14369,15.0
2026-07-16T22:04:00.000000,1.14369,1.14369,1.14361,1.14361,27.0
2026-07-16T22:05:00.000000,1.14361,1.14362,1.14359,1.14361,46.0
2026-07-16T22:06:00.000000,1.14361,1.14362,1.14357,1.14362,19.0
2026-07-16T22:07:00.000000,1.14362,1.1436600000000001,1.14361,1.14364,38.0
2026-07-16T22:08:00.000000,1.14364,1.14364,1.14359,1.1436,41.0
2026-07-16T22:09:00.000000,1.1436,1.1436600000000001,1.1436,1.14365,25.0
2026-07-16T22:10:00.000000,1.1436600000000001,1.14368,1.14362,1.1436600000000001,39.0
2026-07-16T22:11:00.000000,1.1436600000000001,1.14373,1.1436600000000001,1.14372,29.0
2026-07-16T22:12:00.000000,1.14372,1.1437599999999999,1.1436600000000001,1.14369,21.0
2026-07-16T22:13:00.000000,1.14369,1.14377,1.14367,1.14372,35.0
2026-07-16T22:14:00.000000,1.14372,1.14378,1.14372,1.14377,22.0
2026-07-16T22:15:00.000000,1.14377,1.14386,1.14375,1.14384,42.0
2026-07-16T22:16:00.000000,1.14383,1.14386,1.1437599999999999,1.1437599999999999,33.0
2026-07-16T22:17:00.000000,1.1437599999999999,1.14381,1.1437599999999999,1.14381,27.0
2026-07-16T22:18:00.000000,1.1438,1.14383,1.14378,1.14379,20.0
2026-07-16T22:19:00.000000,1.14379,1.1438,1.14372,1.14372,23.0
2026-07-16T22:20:00.000000,1.14372,1.14374,1.14371,1.14373,35.0
2026-07-16T22:21:00.000000,1.14374,1.14375,1.14371,1.14371,22.0
2026-07-16T22:22:00.000000,1.14374,1.14374,1.14369,1.14372,21.0
2026-07-16T22:23:00.000000,1.14372,1.1437599999999999,1.14368,1.1437,44.0
2026-07-16T22:24:00.000000,1.14371,1.14378,1.14371,1.14375,31.0
2026-07-16T22:25:00.000000,1.14373,1.14377,1.14372,1.1437599999999999,68.0
2026-07-16T22:26:00.000000,1.1437599999999999,1.14383,1.14375,1.14379,28.0
2026-07-16T22:27:00.000000,1.14379,1.14387,1.14379,1.14381,56.0
2026-07-16T22:28:00.000000,1.14381,1.14386,1.1438,1.14386,29.0
2026-07-16T22:29:00.000000,1.14386,1.14387,1.14384,1.14385,27.0
2026-07-16T22:30:00.000000,1.14384,1.14397,1.14379,1.14395,79.0
2026-07-16T22:31:00.000000,1.14395,1.14399,1.14394,1.14399,47.0
2026-07-16T22:32:00.000000,1.14399,1.14401,1.14391,1.14394,46.0
2026-07-16T22:33:00.000000,1.14395,1.14397,1.1439,1.14394,40.0
2026-07-16T22:34:00.000000,1.14394,1.14396,1.14394,1.14395,22.0
2026-07-16T22:35:00.000000,1.14395,1.14395,1.14389,1.1439,27.0
2026-07-16T22:36:00.000000,1.1439,1.14394,1.14384,1.14386,21.0
2026-07-16T22:37:00.000000,1.14386,1.1439,1.14384,1.14389,17.0
2026-07-16T22:38:00.000000,1.14389,1.14392,1.14387,1.14391,17.0
2026-07-16T22:39:00.000000,1.14391,1.14391,1.14386,1.14386,14.0
2026-07-16T22:40:00.000000,1.14386,1.14386,1.14382,1.14385,35.0
2026-07-16T22:41:00.000000,1.14385,1.14385,1.14381,1.14381,30.0
2026-07-16T22:42:00.000000,1.14381,1.14389,1.14381,1.14386,14.0
2026-07-16T22:43:00.000000,1.14386,1.14386,1.14378,1.14383,22.0
2026-07-16T22:44:00.000000,1.14383,1.14384,1.14373,1.14375,26.0
2026-07-16T22:45:00.000000,1.14374,1.1437599999999999,1.14368,1.14368,20.0
2026-07-16T22:46:00.000000,1.14368,1.1437,1.14368,1.1437,37.0
2026-07-16T22:47:00.000000,1.1437,1.1437,1.14363,1.14364,19.0
2026-07-16T22:48:00.000000,1.14364,1.14375,1.14361,1.1437,33.0
2026-07-16T22:49:00.000000,1.1437,1.14372,1.14365,1.1437,34.0
2026-07-16T22:50:00.000000,1.14371,1.1437599999999999,1.14365,1.14365,46.0
2026-07-16T22:51:00.000000,1.14365,1.1437,1.14362,1.14363,26.0
2026-07-16T22:52:00.000000,1.14364,1.14365,1.14359,1.14359,23.0
2026-07-16T22:53:00.000000,1.14359,1.1436,1.14353,1.14354,32.0
2026-07-16T22:54:00.000000,1.14354,1.14355,1.14352,1.14354,18.0
2026-07-16T22:55:00.000000,1.14354,1.14359,1.14354,1.14354,28.0
2026-07-16T22:56:00.000000,1.14355,1.14357,1.14348,1.14348,23.0
2026-07-16T22:57:00.000000,1.14348,1.14352,1.14343,1.14351,25.0
2026-07-16T22:58:00.000000,1.14352,1.14354,1.14349,1.1435,29.0
2026-07-16T22:59:00.000000,1.1435,1.14359,1.1435,1.14351,46.0
2026-07-16T23:00:00.000000,1.14352,1.1436600000000001,1.1435,1.14364,46.0
2026-07-16T23:01:00.000000,1.14364,1.14364,1.14361,1.14363,18.0
2026-07-16T23:02:00.000000,1.14363,1.14363,1.14359,1.1436,12.0
2026-07-16T23:03:00.000000,1.1436,1.14361,1.14359,1.1436,21.0
2026-07-16T23:04:00.000000,1.14359,1.14364,1.14353,1.1436,50.0
2026-07-16T23:05:00.000000,1.1436,1.1437,1.14359,1.1437,36.0
2026-07-16T23:06:00.000000,1.1437,1.14371,1.14365,1.1436600000000001,11.0
2026-07-16T23:07:00.000000,1.14365,1.14371,1.14365,1.1437,28.0
2026-07-16T23:08:00.000000,1.14371,1.1437599999999999,1.14369,1.1437599999999999,10.0
2026-07-16T23:09:00.000000,1.14375,1.1437599999999999,1.1437,1.14371,12.0
2026-07-16T23:10:00.000000,1.14371,1.1437599999999999,1.1437,1.14375,26.0
2026-07-16T23:11:00.000000,1.14375,1.1437599999999999,1.14372,1.14375,26.0
2026-07-16T23:12:00.000000,1.14375,1.14379,1.14374,1.14379,29.0
2026-07-16T23:13:00.000000,1.14379,1.14379,1.14374,1.1437599999999999,28.0
2026-07-16T23:14:00.000000,1.1437599999999999,1.14378,1.14372,1.14372,24.0
2026-07-16T23:15:00.000000,1.14373,1.14377,1.14372,1.1437599999999999,37.0
2026-07-16T23:16:00.000000,1.1437599999999999,1.14381,1.14374,1.1438,22.0
2026-07-16T23:17:00.000000,1.1438,1.14381,1.14378,1.14381,42.0
2026-07-16T23:18:00.000000,1.1438,1.14386,1.1438,1.14384,23.0
2026-07-16T23:19:00.000000,1.14384,1.14389,1.14384,1.14389,18.0
2026-07-16T23:20:00.000000,1.1439,1.14391,1.14384,1.14386,22.0
2026-07-16T23:21:00.000000,1.14386,1.14401,1.14386,1.144,55.0
2026-07-16T23:22:00.000000,1.14401,1.14402,1.14397,1.14402,26.0
2026-07-16T23:23:00.000000,1.14401,1.14407,1.144,1.14406,44.0
2026-07-16T23:24:00.000000,1.14406,1.14414,1.14406,1.14414,36.0
2026-07-16T23:25:00.000000,1.14414,1.14417,1.14402,1.14405,44.0
2026-07-16T23:26:00.000000,1.14406,1.14414,1.14404,1.14411,55.0
2026-07-16T23:27:00.000000,1.14411,1.14414,1.14407,1.1441,64.0
2026-07-16T23:28:00.000000,1.14409,1.14409,1.14399,1.1440299999999999,81.0
2026-07-16T23:29:00.000000,1.14401,1.14408,1.14401,1.14404,80.0
2026-07-16T23:30:00.000000,1.14405,1.14405,1.14399,1.14401,52.0
2026-07-16T23:31:00.000000,1.1440299999999999,1.14413,1.14398,1.14411,51.0
2026-07-16T23:32:00.000000,1.14414,1.14415,1.1441,1.14414,47.0
2026-07-16T23:33:00.000000,1.14415,1.14415,1.14411,1.14413,16.0
2026-07-16T23:34:00.000000,1.14413,1.14419,1.14413,1.14418,23.0
2026-07-16T23:35:00.000000,1.14419,1.14419,1.14413,1.14414,16.0
2026-07-16T23:36:00.000000,1.14416,1.14417,1.14411,1.14411,16.0
2026-07-16T23:37:00.000000,1.14412,1.14416,1.14411,1.14413,19.0
2026-07-16T23:38:00.000000,1.14413,1.14415,1.14413,1.14414,20.0
2026-07-16T23:39:00.000000,1.14414,1.14418,1.14411,1.14411,21.0
2026-07-16T23:40:00.000000,1.1441,1.14413,1.1441,1.14412,36.0
2026-07-16T23:41:00.000000,1.14412,1.14413,1.14411,1.14413,10.0
2026-07-16T23:42:00.000000,1.14413,1.14414,1.14412,1.14413,9.0
2026-07-16T23:43:00.000000,1.14412,1.14412,1.14406,1.14406,9.0
2026-07-16T23:44:00.000000,1.14405,1.14405,1.14401,1.1440299999999999,19.0
2026-07-16T23:45:00.000000,1.1440299999999999,1.14405,1.1440299999999999,1.1440299999999999,10.0
2026-07-16T23:46:00.000000,1.1440299999999999,1.14405,1.1440299999999999,1.14404,8.0
2026-07-16T23:47:00.000000,1.14404,1.14405,1.1440299999999999,1.14404,15.0
2026-07-16T23:48:00.000000,1.14405,1.14407,1.14404,1.14406,14.0
2026-07-16T23:49:00.000000,1.14406,1.14407,1.14402,1.14402,8.0
2026-07-16T23:50:00.000000,1.14399,1.144,1.14398,1.14398,6.0
2026-07-16T23:51:00.000000,1.14398,1.14399,1.14398,1.14399,2.0
2026-07-16T23:52:00.000000,1.14398,1.14399,1.14396,1.14399,7.0
2026-07-16T23:53:00.000000,1.14399,1.14399,1.14394,1.14395,6.0
2026-07-16T23:54:00.000000,1.14394,1.14394,1.14389,1.14389,5.0
2026-07-16T23:55:00.000000,1.14388,1.14388,1.14388,1.14388,1.0
2026-07-16T23:56:00.000000,1.14388,1.14389,1.14388,1.14389,2.0
2026-07-16T23:57:00.000000,1.14389,1.14389,1.14388,1.14388,2.0
2026-07-16T23:58:00.000000,1.14388,1.14391,1.14386,1.14391,10.0
2026-07-16T23:59:00.000000,1.14391,1.14396,1.14385,1.14396,16.0
2026-07-17T00:00:00.000000,1.14397,1.14409,1.14394,1.14409,24.0
2026-07-17T00:01:00.000000,1.14409,1.14442,1.14409,1.1444,74.0
2026-07-17T00:02:00.000000,1.1444,1.1444,1.14414,1.1442700000000001,35.0
2026-07-17T00:03:00.000000,1.14426,1.14428,1.14424,1.1442700000000001,9.0
2026-07-17T00:04:00.000000,1.1442700000000001,1.1442700000000001,1.14426,1.14426,8.0
2026-07-17T00:05:00.000000,1.14426,1.1443,1.14426,1.1443,10.0
2026-07-17T00:06:00.000000,1.1443,1.14431,1.14429,1.14429,7.0
2026-07-17T00:07:00.000000,1.14429,1.14435,1.14429,1.14434,9.0
2026-07-17T00:08:00.000000,1.14434,1.14435,1.14434,1.14434,3.0
2026-07-17T00:09:00.000000,1.14434,1.14438,1.14433,1.14438,6.0
2026-07-17T00:10:00.000000,1.14438,1.14439,1.14428,1.14428,27.0
2026-07-17T00:11:00.000000,1.14428,1.14429,1.14428,1.14429,2.0
2026-07-17T00:12:00.000000,1.14428,1.1443,1.14428,1.14429,9.0
2026-07-17T00:13:00.000000,1.1443,1.14431,1.14429,1.14429,10.0
2026-07-17T00:14:00.000000,1.14429,1.1443,1.14429,1.1443,4.0
2026-07-17T00:15:00.000000,1.1443,1.14433,1.14428,1.1443,20.0
2026-07-17T00:16:00.000000,1.14429,1.14433,1.14429,1.1443,12.0
2026-07-17T00:17:00.000000,1.1443,1.14432,1.1443,1.14431,10.0
2026-07-17T00:18:00.000000,1.14431,1.14438,1.14431,1.14436,13.0
2026-07-17T00:19:00.000000,1.14436,1.14436,1.14433,1.14433,10.0
2026-07-17T00:20:00.000000,1.14433,1.14442,1.14433,1.14438,16.0
2026-07-17T00:21:00.000000,1.14438,1.14438,1.1443699999999999,1.14438,11.0
2026-07-17T00:22:00.000000,1.14438,1.14438,1.14436,1.14438,11.0
2026-07-17T00:23:00.000000,1.14436,1.14438,1.14434,1.14434,22.0
2026-07-17T00:24:00.000000,1.14435,1.14436,1.14434,1.14435,4.0
2026-07-17T00:25:00.000000,1.14436,1.14438,1.14434,1.14436,16.0
2026-07-17T00:26:00.000000,1.14436,1.1443699999999999,1.14435,1.14436,11.0
2026-07-17T00:27:00.000000,1.14436,1.14443,1.14435,1.14438,26.0
2026-07-17T00:28:00.000000,1.14438,1.14439,1.1442700000000001,1.1443,46.0
2026-07-17T00:29:00.000000,1.14429,1.14432,1.14407,1.14407,28.0
2026-07-17T00:30:00.000000,1.14407,1.14407,1.14372,1.1440299999999999,10.0
2026-07-17T00:31:00.000000,1.1440299999999999,1.1440299999999999,1.1440299999999999,1.1440299999999999,1.0
2026-07-17T00:32:00.000000,1.1440299999999999,1.1440299999999999,1.1440299999999999,1.1440299999999999,1.0
2026-07-17T00:33:00.000000,1.1440299999999999,1.1440299999999999,1.1440299999999999,1.1440299999999999,1.0
2026-07-17T00:34:00.000000,1.1440299999999999,1.1440299999999999,1.14374,1.1440299999999999,4.0
2026-07-17T00:35:00.000000,1.1440299999999999,1.14404,1.1440299999999999,1.14404,2.0
2026-07-17T00:36:00.000000,1.14404,1.14404,1.14404,1.14404,1.0
2026-07-17T00:37:00.000000,1.14404,1.14404,1.14404,1.14404,1.0
2026-07-17T00:38:00.000000,1.14404,1.14404,1.14404,1.14404,1.0
2026-07-17T00:39:00.000000,1.14404,1.14404,1.14404,1.14404,1.0
2026-07-17T00:40:00.000000,1.14404,1.14405,1.14404,1.14405,2.0
2026-07-17T00:41:00.000000,1.14405,1.14405,1.14405,1.14405,1.0
2026-07-17T00:42:00.000000,1.14405,1.14405,1.14405,1.14405,1.0
2026-07-17T00:43:00.000000,1.14405,1.14405,1.14405,1.14405,1.0
2026-07-17T00:44:00.000000,1.14405,1.14419,1.14405,1.14419,3.0
2026-07-17T00:45:00.000000,1.14419,1.14419,1.14414,1.14417,9.0
2026-07-17T00:46:00.000000,1.14417,1.14424,1.14417,1.14419,15.0
2026-07-17T00:47:00.000000,1.14419,1.14419,1.14418,1.14418,4.0
2026-07-17T00:48:00.000000,1.14418,1.14418,1.14416,1.14416,4.0
2026-07-17T00:49:00.000000,1.14416,1.14419,1.14415,1.14416,7.0
2026-07-17T00:50:00.000000,1.14416,1.14418,1.14416,1.14418,6.0
2026-07-17T00:51:00.000000,1.14418,1.14418,1.14413,1.14416,9.0
2026-07-17T00:52:00.000000,1.14416,1.14419,1.14416,1.14418,17.0
2026-07-17T00:53:00.000000,1.14418,1.14418,1.14411,1.14412,4.0
2026-07-17T00:54:00.000000,1.14413,1.14413,1.1441,1.14411,6.0
2026-07-17T00:55:00.000000,1.14412,1.14413,1.14407,1.14408,7.0
2026-07-17T00:56:00.000000,1.14408,1.14417,1.14407,1.14408,8.0
2026-07-17T00:57:00.000000,1.14408,1.14408,1.14407,1.14407,2.0
2026-07-17T00:58:00.000000,1.14407,1.14407,1.14407,1.14407,1.0
2026-07-17T00:59:00.000000,1.14407,1.14416,1.14407,1.14416,9.0
2026-07-17T01:00:00.000000,1.14415,1.1442,1.14412,1.14418,32.0
2026-07-17T01:01:00.000000,1.1442,1.14422,1.14418,1.14422,7.0
2026-07-17T01:02:00.000000,1.14422,1.14423,1.14417,1.14423,9.0
2026-07-17T01:03:00.000000,1.14422,1.14422,1.14419,1.14421,3.0
2026-07-17T01:04:00.000000,1.14421,1.14422,1.14416,1.14417,10.0
2026-07-17T01:05:00.000000,1.14417,1.14423,1.14413,1.14416,12.0
2026-07-17T01:06:00.000000,1.14417,1.14417,1.14416,1.14416,2.0
2026-07-17T01:07:00.000000,1.14417,1.14417,1.14415,1.14415,7.0
2026-07-17T01:08:00.000000,1.14415,1.14416,1.14415,1.14416,2.0
2026-07-17T01:09:00.000000,1.14415,1.14416,1.14415,1.14415,3.0
2026-07-17T01:10:00.000000,1.14415,1.14417,1.14414,1.14416,5.0
2026-07-17T01:11:00.000000,1.14414,1.14417,1.14413,1.14415,8.0
2026-07-17T01:12:00.000000,1.14416,1.1442,1.14413,1.14414,10.0
2026-07-17T01:13:00.000000,1.14412,1.14414,1.14412,1.14413,7.0
2026-07-17T01:14:00.000000,1.14414,1.14425,1.14413,1.14421,25.0
2026-07-17T01:15:00.000000,1.14421,1.14428,1.14419,1.14425,27.0
2026-07-17T01:16:00.000000,1.14426,1.1443,1.14422,1.1442700000000001,18.0
2026-07-17T01:17:00.000000,1.1442700000000001,1.14428,1.14425,1.1442700000000001,10.0
2026-07-17T01:18:00.000000,1.1442700000000001,1.14428,1.14425,1.1442700000000001,11.0
2026-07-17T01:19:00.000000,1.14426,1.1442700000000001,1.14423,1.14426,24.0
2026-07-17T01:20:00.000000,1.14425,1.14429,1.14422,1.14426,26.0
2026-07-17T01:21:00.000000,1.14426,1.14428,1.14421,1.14425,10.0
2026-07-17T01:22:00.000000,1.14426,1.14426,1.1442,1.14425,7.0
2026-07-17T01:23:00.000000,1.14424,1.14425,1.14421,1.14424,9.0
2026-07-17T01:24:00.000000,1.14424,1.14426,1.14423,1.14426,12.0
2026-07-17T01:25:00.000000,1.14424,1.14428,1.14422,1.14428,12.0
2026-07-17T01:26:00.000000,1.14426,1.14428,1.14422,1.14425,11.0
2026-07-17T01:27:00.000000,1.14426,1.14426,1.14418,1.14419,6.0
2026-07-17T01:28:00.000000,1.14421,1.14423,1.14419,1.14423,7.0
2026-07-17T01:29:00.000000,1.14421,1.14424,1.14419,1.14421,16.0
2026-07-17T01:30:00.000000,1.1443,1.14441,1.14428,1.14441,46.0
2026-07-17T01:31:00.000000,1.14441,1.14446,1.1444,1.14441,18.0
2026-07-17T01:32:00.000000,1.14441,1.14441,1.1444,1.14441,3.0
2026-07-17T01:33:00.000000,1.14441,1.1445,1.14441,1.14449,14.0
2026-07-17T01:34:00.000000,1.14448,1.14451,1.14448,1.14451,6.0
2026-07-17T01:35:00.000000,1.1445,1.14451,1.14444,1.14445,12.0
2026-07-17T01:36:00.000000,1.14445,1.14445,1.14444,1.14445,3.0
2026-07-17T01:37:00.000000,1.14444,1.14444,1.14439,1.14442,8.0
2026-07-17T01:38:00.000000,1.14442,1.14445,1.14441,1.14445,8.0
2026-07-17T01:39:00.000000,1.14446,1.14446,1.14445,1.14446,5.0
2026-07-17T01:40:00.000000,1.14446,1.14449,1.14444,1.14445,13.0
2026-07-17T01:41:00.000000,1.14445,1.14445,1.14444,1.14445,9.0
2026-07-17T01:42:00.000000,1.14446,1.14446,1.14444,1.14445,4.0
2026-07-17T01:43:00.000000,1.14445,1.14445,1.14443,1.14444,12.0
2026-07-17T01:44:00.000000,1.14443,1.14444,1.14443,1.14444,6.0
2026-07-17T01:45:00.000000,1.14443,1.14444,1.14443,1.14444,8.0
2026-07-17T01:46:00.000000,1.14444,1.14445,1.14443,1.14444,5.0
2026-07-17T01:47:00.000000,1.14441,1.14441,1.14438,1.14439,9.0
2026-07-17T01:48:00.000000,1.14439,1.14439,1.14439,1.14439,1.0
2026-07-17T01:49:00.000000,1.14439,1.1444,1.14439,1.1444,2.0
2026-07-17T01:50:00.000000,1.1444,1.1444,1.14439,1.14439,14.0
2026-07-17T01:51:00.000000,1.14439,1.14439,1.14438,1.14438,12.0
2026-07-17T01:52:00.000000,1.14438,1.14439,1.14438,1.14439,8.0
2026-07-17T01:53:00.000000,1.14439,1.14439,1.1443699999999999,1.14439,7.0
2026-07-17T01:54:00.000000,1.14439,1.14439,1.14438,1.14439,3.0
2026-07-17T01:55:00.000000,1.14439,1.14439,1.14438,1.14439,13.0
2026-07-17T01:56:00.000000,1.14436,1.14436,1.14434,1.14435,8.0
2026-07-17T01:57:00.000000,1.14435,1.14439,1.14435,1.14439,5.0
2026-07-17T01:58:00.000000,1.14439,1.14439,1.1443699999999999,1.14439,17.0
2026-07-17T01:59:00.000000,1.14439,1.14439,1.14438,1.14438,4.0
2026-07-17T02:00:00.000000,1.14438,1.1444,1.1443699999999999,1.14439,14.0
2026-07-17T02:01:00.000000,1.14439,1.14441,1.14438,1.14438,15.0
2026-07-17T02:02:00.000000,1.14438,1.14438,1.14434,1.14434,4.0
2026-07-17T02:03:00.000000,1.14434,1.14434,1.14433,1.14434,3.0
2026-07-17T02:04:00.000000,1.14434,1.14434,1.14433,1.14433,10.0
2026-07-17T02:05:00.000000,1.14434,1.14434,1.14433,1.14433,4.0
2026-07-17T02:06:00.000000,1.14432,1.14433,1.14431,1.14432,5.0
2026-07-17T02:07:00.000000,1.14432,1.14433,1.14431,1.14433,10.0
2026-07-17T02:08:00.000000,1.14433,1.14433,1.14433,1.14433,1.0
2026-07-17T02:09:00.000000,1.14433,1.14435,1.14433,1.14434,6.0
2026-07-17T02:10:00.000000,1.14434,1.14434,1.14434,1.14434,1.0
2026-07-17T02:11:00.000000,1.14434,1.14435,1.14434,1.14434,5.0
2026-07-17T02:12:00.000000,1.14434,1.14434,1.14434,1.14434,1.0
2026-07-17T02:13:00.000000,1.14434,1.14435,1.14434,1.14434,5.0
2026-07-17T02:14:00.000000,1.14434,1.14434,1.14432,1.14432,3.0
2026-07-17T02:15:00.000000,1.14432,1.14432,1.14428,1.14429,11.0
2026-07-17T02:16:00.000000,1.14429,1.14429,1.14428,1.14429,19.0
2026-07-17T02:17:00.000000,1.14428,1.14429,1.14423,1.14423,13.0
2026-07-17T02:18:00.000000,1.14424,1.14425,1.14422,1.14424,12.0
2026-07-17T02:19:00.000000,1.14424,1.14424,1.14424,1.14424,1.0
2026-07-17T02:20:00.000000,1.14424,1.14424,1.14424,1.14424,1.0
2026-07-17T02:21:00.000000,1.14424,1.14424,1.14424,1.14424,1.0
2026-07-17T02:22:00.000000,1.14424,1.14424,1.14424,1.14424,1.0
2026-07-17T02:23:00.000000,1.14424,1.14425,1.14424,1.14424,3.0
2026-07-17T02:24:00.000000,1.14424,1.14424,1.14424,1.14424,1.0
2026-07-17T02:25:00.000000,1.14425,1.14428,1.14424,1.14428,9.0
2026-07-17T02:26:00.000000,1.14428,1.14428,1.14426,1.14426,7.0
2026-07-17T02:27:00.000000,1.14426,1.14429,1.14424,1.14429,8.0
2026-07-17T02:28:00.000000,1.14429,1.14433,1.14429,1.14431,15.0
2026-07-17T02:29:00.000000,1.14432,1.14435,1.14431,1.14433,30.0
2026-07-17T02:30:00.000000,1.14433,1.14438,1.14431,1.1443699999999999,32.0
2026-07-17T02:31:00.000000,1.1443699999999999,1.14439,1.14436,1.1443699999999999,13.0
2026-07-17T02:32:00.000000,1.1443699999999999,1.14438,1.1443699999999999,1.14438,2.0
2026-07-17T02:33:00.000000,1.14438,1.1444,1.14438,1.14439,10.0
2026-07-17T02:34:00.000000,1.14438,1.14439,1.14436,1.1443699999999999,11.0
2026-07-17T02:35:00.000000,1.14436,1.14436,1.14431,1.14432,12.0
2026-07-17T02:36:00.000000,1.14432,1.14432,1.14429,1.14431,16.0
2026-07-17T02:37:00.000000,1.1443,1.14433,1.14429,1.14433,7.0
2026-07-17T02:38:00.000000,1.14433,1.14435,1.14433,1.14433,11.0
2026-07-17T02:39:00.000000,1.14433,1.14435,1.1443,1.14431,19.0
2026-07-17T02:40:00.000000,1.14431,1.14434,1.14431,1.14432,14.0
2026-07-17T02:41:00.000000,1.14431,1.14431,1.14426,1.14429,13.0
2026-07-17T02:42:00.000000,1.14429,1.14429,1.1442700000000001,1.1442700000000001,14.0
2026-07-17T02:43:00.000000,1.1442700000000001,1.14431,1.1442700000000001,1.14431,18.0
2026-07-17T02:44:00.000000,1.14431,1.14444,1.14429,1.14441,19.0
2026-07-17T02:45:00.000000,1.14441,1.14445,1.14441,1.14445,10.0
2026-07-17T02:46:00.000000,1.14445,1.14445,1.14443,1.14444,4.0
2026-07-17T02:47:00.000000,1.14444,1.14444,1.14439,1.14439,10.0
2026-07-17T02:48:00.000000,1.14439,1.1444,1.14439,1.1444,4.0
2026-07-17T02:49:00.000000,1.1444,1.1444,1.14439,1.1444,3.0
2026-07-17T02:50:00.000000,1.1444,1.1444,1.14439,1.1444,3.0
2026-07-17T02:51:00.000000,1.1444,1.1444,1.1444,1.1444,1.0
2026-07-17T02:52:00.000000,1.1444,1.1444,1.14439,1.14439,8.0
2026-07-17T02:53:00.000000,1.14439,1.1444,1.14439,1.14439,11.0
2026-07-17T02:54:00.000000,1.14439,1.14441,1.14439,1.1444,6.0
2026-07-17T02:55:00.000000,1.1444,1.14444,1.1444,1.14444,4.0
2026-07-17T02:56:00.000000,1.14444,1.14448,1.14444,1.14447,12.0
2026-07-17T02:57:00.000000,1.14447,1.14449,1.14445,1.14446,16.0
2026-07-17T02:58:00.000000,1.14445,1.14446,1.14445,1.14446,4.0
2026-07-17T02:59:00.000000,1.14445,1.14455,1.14445,1.14448,29.0
2026-07-17T03:00:00.000000,1.14447,1.14449,1.14444,1.14449,13.0
2026-07-17T03:01:00.000000,1.1445,1.1445,1.14449,1.14449,4.0
2026-07-17T03:02:00.000000,1.14449,1.14451,1.14445,1.1445,10.0
2026-07-17T03:03:00.000000,1.1445,1.14451,1.14449,1.1445,7.0
2026-07-17T03:04:00.000000,1.1445,1.14451,1.14449,1.14449,8.0
2026-07-17T03:05:00.000000,1.14449,1.1445400000000001,1.14449,1.1445400000000001,7.0
2026-07-17T03:06:00.000000,1.1445400000000001,1.1445400000000001,1.1445400000000001,1.1445400000000001,1.0
2026-07-17T03:07:00.000000,1.1445400000000001,1.14455,1.1445400000000001,1.14455,4.0
2026-07-17T03:08:00.000000,1.14455,1.1446,1.1445400000000001,1.1446,25.0
2026-07-17T03:09:00.000000,1.1446,1.14465,1.1446,1.1446399999999999,11.0
2026-07-17T03:10:00.000000,1.1446399999999999,1.1446399999999999,1.14457,1.14459,11.0
2026-07-17T03:11:00.000000,1.14459,1.1446,1.14459,1.14459,7.0
2026-07-17T03:12:00.000000,1.14459,1.14459,1.14459,1.14459,1.0
2026-07-17T03:13:00.000000,1.14459,1.1446,1.14458,1.14459,5.0
2026-07-17T03:14:00.000000,1.14459,1.14459,1.14452,1.14452,13.0
2026-07-17T03:15:00.000000,1.14452,1.14453,1.14447,1.1445,18.0
2026-07-17T03:16:00.000000,1.1445,1.1445,1.14447,1.14449,13.0
2026-07-17T03:17:00.000000,1.14449,1.1445,1.14448,1.14449,11.0
2026-07-17T03:18:00.000000,1.14449,1.14449,1.14441,1.14445,19.0
2026-07-17T03:19:00.000000,1.14444,1.14445,1.14444,1.14444,3.0
2026-07-17T03:20:00.000000,1.14444,1.14445,1.14443,1.14444,10.0
2026-07-17T03:21:00.000000,1.14443,1.14443,1.14441,1.14441,11.0
2026-07-17T03:22:00.000000,1.1444,1.14444,1.1444,1.14443,5.0
2026-07-17T03:23:00.000000,1.14443,1.14444,1.14441,1.14443,15.0
2026-07-17T03:24:00.000000,1.14443,1.14444,1.1443699999999999,1.14438,17.0
2026-07-17T03:25:00.000000,1.1443699999999999,1.14439,1.1443699999999999,1.14438,16.0
2026-07-17T03:26:00.000000,1.14439,1.14444,1.14438,1.14444,11.0
2026-07-17T03:27:00.000000,1.14444,1.14446,1.14442,1.14444,24.0
2026-07-17T03:28:00.000000,1.14444,1.14446,1.14443,1.14445,12.0
2026-07-17T03:29:00.000000,1.14446,1.14453,1.14446,1.14451,20.0
2026-07-17T03:30:00.000000,1.14451,1.14457,1.14445,1.14452,65.0
2026-07-17T03:31:00.000000,1.14453,1.1445400000000001,1.14448,1.14453,49.0
2026-07-17T03:32:00.000000,1.1445400000000001,1.14456,1.1445,1.1445400000000001,48.0
2026-07-17T03:33:00.000000,1.14453,1.14462,1.14452,1.1446,34.0
2026-07-17T03:34:00.000000,1.1446,1.1446,1.14452,1.14452,33.0
2026-07-17T03:35:00.000000,1.14452,1.1445400000000001,1.14449,1.14453,35.0
2026-07-17T03:36:00.000000,1.14453,1.1445400000000001,1.14449,1.1445400000000001,35.0
2026-07-17T03:37:00.000000,1.1445400000000001,1.1445400000000001,1.14448,1.14449,12.0
2026-07-17T03:38:00.000000,1.14449,1.14457,1.14449,1.14457,43.0
2026-07-17T03:39:00.000000,1.14456,1.14458,1.14448,1.14449,37.0
2026-07-17T03:40:00.000000,1.14449,1.14452,1.14443,1.14443,41.0
2026-07-17T03:41:00.000000,1.14443,1.14444,1.14438,1.14441,37.0
2026-07-17T03:42:00.000000,1.14441,1.14444,1.14441,1.14443,14.0
2026-07-17T03:43:00.000000,1.14443,1.14447,1.14441,1.14446,24.0
2026-07-17T03:44:00.000000,1.14446,1.14447,1.14441,1.14444,42.0
2026-07-17T03:45:00.000000,1.14444,1.14452,1.14444,1.14451,39.0
2026-07-17T03:46:00.000000,1.14451,1.14458,1.1445,1.14457,31.0
2026-07-17T03:47:00.000000,1.14457,1.14457,1.14451,1.14457,26.0
2026-07-17T03:48:00.000000,1.14457,1.14458,1.14445,1.14446,33.0
2026-07-17T03:49:00.000000,1.14446,1.14448,1.14443,1.14443,41.0
2026-07-17T03:50:00.000000,1.14442,1.14445,1.14438,1.14441,37.0
2026-07-17T03:51:00.000000,1.14441,1.14442,1.14438,1.14439,22.0
2026-07-17T03:52:00.000000,1.14439,1.14443,1.14438,1.1444,34.0
2026-07-17T03:53:00.000000,1.14441,1.14441,1.14432,1.14432,37.0
2026-07-17T03:54:00.000000,1.14433,1.14434,1.1443,1.14431,29.0
2026-07-17T03:55:00.000000,1.1443,1.14435,1.14428,1.14431,31.0
2026-07-17T03:56:00.000000,1.14431,1.14434,1.14431,1.14434,34.0
2026-07-17T03:57:00.000000,1.14434,1.14434,1.14426,1.14428,21.0
2026-07-17T03:58:00.000000,1.14428,1.14433,1.14424,1.14424,49.0
2026-07-17T03:59:00.000000,1.14423,1.14424,1.14418,1.1442,42.0
2026-07-17T04:00:00.000000,1.1442,1.1442,1.14413,1.14414,27.0
2026-07-17T04:01:00.000000,1.14415,1.14424,1.14413,1.14423,39.0
2026-07-17T04:02:00.000000,1.14423,1.14429,1.14423,1.14424,28.0
2026-07-17T04:03:00.000000,1.14424,1.14431,1.14424,1.14425,17.0
2026-07-17T04:04:00.000000,1.14424,1.14425,1.14418,1.1442,42.0
2026-07-17T04:05:00.000000,1.1442,1.14425,1.14419,1.14421,29.0
2026-07-17T04:06:00.000000,1.14421,1.1442700000000001,1.14419,1.14426,28.0
2026-07-17T04:07:00.000000,1.14426,1.14432,1.14424,1.1443,43.0
2026-07-17T04:08:00.000000,1.14429,1.14434,1.1442700000000001,1.14432,29.0
2026-07-17T04:09:00.000000,1.14431,1.14431,1.14422,1.14424,39.0
2026-07-17T04:10:00.000000,1.14423,1.14424,1.14419,1.14419,23.0
2026-07-17T04:11:00.000000,1.14419,1.14424,1.14418,1.14419,15.0
2026-07-17T04:12:00.000000,1.14419,1.1442,1.14414,1.14418,30.0
2026-07-17T04:13:00.000000,1.14418,1.14422,1.14417,1.14419,24.0
2026-07-17T04:14:00.000000,1.14418,1.14419,1.14413,1.14414,36.0
2026-07-17T04:15:00.000000,1.14414,1.14417,1.14414,1.14414,37.0
2026-07-17T04:16:00.000000,1.14414,1.14425,1.14414,1.14421,53.0
2026-07-17T04:17:00.000000,1.14421,1.14423,1.14419,1.1442,32.0
2026-07-17T04:18:00.000000,1.1442,1.14428,1.1442,1.14424,44.0
2026-07-17T04:19:00.000000,1.14424,1.14429,1.14423,1.14429,23.0
2026-07-17T04:20:00.000000,1.14429,1.14439,1.1442700000000001,1.14438,38.0
2026-07-17T04:21:00.000000,1.14438,1.14441,1.14434,1.14439,58.0
2026-07-17T04:22:00.000000,1.14439,1.14445,1.14439,1.14443,31.0
2026-07-17T04:23:00.000000,1.14444,1.14452,1.14439,1.14439,50.0
2026-07-17T04:24:00.000000,1.14439,1.1445400000000001,1.1443699999999999,1.14453,74.0
2026-07-17T04:25:00.000000,1.14452,1.14459,1.14443,1.14448,41.0
2026-07-17T04:26:00.000000,1.14448,1.1445,1.14444,1.14445,39.0
2026-07-17T04:27:00.000000,1.14444,1.14451,1.14442,1.1445,25.0
2026-07-17T04:28:00.000000,1.14449,1.1446399999999999,1.14449,1.1446399999999999,26.0
2026-07-17T04:29:00.000000,1.1446399999999999,1.14469,1.14456,1.14469,37.0
2026-07-17T04:30:00.000000,1.14467,1.14476,1.14467,1.14476,76.0
2026-07-17T04:31:00.000000,1.14476,1.14481,1.14471,1.14481,34.0
2026-07-17T04:32:00.000000,1.14481,1.14481,1.14466,1.14466,53.0
2026-07-17T04:33:00.000000,1.14466,1.14471,1.14465,1.14466,35.0
2026-07-17T04:34:00.000000,1.14466,1.14468,1.1446399999999999,1.14466,22.0
2026-07-17T04:35:00.000000,1.14466,1.14475,1.14455,1.14471,47.0
2026-07-17T04:36:00.000000,1.1447,1.14474,1.14465,1.14465,55.0
2026-07-17T04:37:00.000000,1.14466,1.14466,1.14458,1.14459,34.0
2026-07-17T04:38:00.000000,1.14458,1.14461,1.14458,1.1446,18.0
2026-07-17T04:39:00.000000,1.1446,1.14461,1.1445,1.14457,33.0
2026-07-17T04:40:00.000000,1.14458,1.14458,1.14453,1.1445400000000001,24.0
2026-07-17T04:41:00.000000,1.1445400000000001,1.14455,1.1444,1.1444,48.0
2026-07-17T04:42:00.000000,1.14439,1.14445,1.14435,1.14435,36.0
2026-07-17T04:43:00.000000,1.14435,1.14447,1.14435,1.14445,41.0
2026-07-17T04:44:00.000000,1.14445,1.14449,1.14441,1.14445,41.0
2026-07-17T04:45:00.000000,1.14446,1.1445400000000001,1.14445,1.14452,62.0
2026-07-17T04:46:00.000000,1.14453,1.14456,1.14447,1.14456,35.0
2026-07-17T04:47:00.000000,1.14455,1.14462,1.14455,1.14461,39.0
2026-07-17T04:48:00.000000,1.14461,1.14467,1.14461,1.14465,33.0
2026-07-17T04:49:00.000000,1.14465,1.14467,1.14459,1.14459,32.0
2026-07-17T04:50:00.000000,1.14459,1.14467,1.14457,1.1446399999999999,34.0
2026-07-17T04:51:00.000000,1.14462,1.14465,1.14461,1.1446399999999999,31.0
2026-07-17T04:52:00.000000,1.1446399999999999,1.14465,1.14455,1.14457,21.0
2026-07-17T04:53:00.000000,1.14456,1.14458,1.14451,1.14452,32.0
2026-07-17T04:54:00.000000,1.14452,1.14455,1.1445,1.14455,28.0
2026-07-17T04:55:00.000000,1.1445400000000001,1.14456,1.14451,1.14453,35.0
2026-07-17T04:56:00.000000,1.14453,1.14455,1.14446,1.14446,52.0
2026-07-17T04:57:00.000000,1.14446,1.14452,1.14444,1.14446,40.0
2026-07-17T04:58:00.000000,1.14445,1.14447,1.14445,1.14446,8.0
2026-07-17T04:59:00.000000,1.14446,1.14446,1.14433,1.14436,29.0
2026-07-17T05:00:00.000000,1.14435,1.1443699999999999,1.14429,1.14435,43.0
2026-07-17T05:01:00.000000,1.14435,1.14439,1.14434,1.14439,19.0
2026-07-17T05:02:00.000000,1.14438,1.14441,1.1443699999999999,1.14439,24.0
2026-07-17T05:03:00.000000,1.14439,1.14444,1.14438,1.14441,28.0
2026-07-17T05:04:00.000000,1.14441,1.14441,1.14435,1.14436,27.0
2026-07-17T05:05:00.000000,1.14436,1.14436,1.14428,1.14429,21.0
2026-07-17T05:06:00.000000,1.14429,1.14431,1.14421,1.14426,28.0
2026-07-17T05:07:00.000000,1.14426,1.1443,1.14425,1.14426,19.0
2026-07-17T05:08:00.000000,1.14426,1.1443,1.14421,1.14421,35.0
2026-07-17T05:09:00.000000,1.1442,1.14422,1.14417,1.1442,27.0
2026-07-17T05:10:00.000000,1.1442,1.14425,1.14418,1.14423,31.0
2026-07-17T05:11:00.000000,1.14422,1.14426,1.14421,1.14426,27.0
2026-07-17T05:12:00.000000,1.14426,1.14431,1.14424,1.1443,24.0
2026-07-17T05:13:00.000000,1.1443,1.14433,1.14429,1.14431,17.0
2026-07-17T05:14:00.000000,1.14431,1.14435,1.14431,1.14433,24.0
2026-07-17T05:15:00.000000,1.14432,1.14432,1.14426,1.1443,18.0
2026-07-17T05:16:00.000000,1.1443,1.1443,1.14424,1.14424,13.0
2026-07-17T05:17:00.000000,1.14425,1.14425,1.14414,1.14415,47.0
2026-07-17T05:18:00.000000,1.14415,1.14415,1.14409,1.14414,33.0
2026-07-17T05:19:00.000000,1.14415,1.14415,1.14405,1.14406,51.0
2026-07-17T05:20:00.000000,1.14405,1.1441,1.14405,1.1441,37.0
2026-07-17T05:21:00.000000,1.14409,1.14411,1.14396,1.14398,39.0
2026-07-17T05:22:00.000000,1.14398,1.144,1.1439300000000001,1.14394,34.0
2026-07-17T05:23:00.000000,1.14394,1.14395,1.14387,1.14387,25.0
2026-07-17T05:24:00.000000,1.14387,1.14394,1.14374,1.14378,57.0
2026-07-17T05:25:00.000000,1.14378,1.14384,1.14378,1.14379,29.0
2026-07-17T05:26:00.000000,1.14379,1.14384,1.14374,1.1438,47.0
2026-07-17T05:27:00.000000,1.1438,1.14381,1.14377,1.1438,27.0
2026-07-17T05:28:00.000000,1.14379,1.14386,1.14374,1.14385,39.0
2026-07-17T05:29:00.000000,1.14385,1.1439300000000001,1.14383,1.14391,26.0
2026-07-17T05:30:00.000000,1.14391,1.14394,1.14389,1.1439300000000001,13.0
