datetime,open,high,low,close,volume
2026-08-03T05:20:00.000000,1.15317,1.15319,1.15316,1.15319,25.0
2026-08-03T05:21:00.000000,1.15319,1.15321,1.15314,1.1531500000000001,37.0
2026-08-03T05:22:00.000000,1.1531500000000001,1.1532,1.15307,1.1532,38.0
2026-08-03T05:23:00.000000,1.15319,1.15323,1.15307,1.15308,43.0
2026-08-03T05:24:00.000000,1.15305,1.1531500000000001,1.15302,1.15306,47.0
2026-08-03T05:25:00.000000,1.15305,1.15311,1.153,1.15311,50.0
2026-08-03T05:26:00.000000,1.15311,1.1531500000000001,1.15307,1.15313,35.0
2026-08-03T05:27:00.000000,1.15312,1.15322,1.1531,1.15311,83.0
2026-08-03T05:28:00.000000,1.1531,1.15317,1.15309,1.15317,28.0
2026-08-03T05:29:00.000000,1.15316,1.15323,1.15316,1.15322,42.0
2026-08-03T05:30:00.000000,1.15322,1.15326,1.1532,1.15321,32.0
2026-08-03T05:31:00.000000,1.15321,1.15324,1.1531500000000001,1.15323,48.0
2026-08-03T05:32:00.000000,1.15323,1.15333,1.15319,1.15331,58.0
2026-08-03T05:33:00.000000,1.15331,1.15336,1.15324,1.15335,56.0
2026-08-03T05:34:00.000000,1.15335,1.15337,1.15326,1.15329,41.0
2026-08-03T05:35:00.000000,1.15329,1.1534200000000001,1.15327,1.15335,49.0
2026-08-03T05:36:00.000000,1.15335,1.15339,1.15332,1.15336,46.0
2026-08-03T05:37:00.000000,1.15336,1.15336,1.15323,1.15324,42.0
2026-08-03T05:38:00.000000,1.15327,1.15327,1.15319,1.1532,49.0
2026-08-03T05:39:00.000000,1.1532,1.15321,1.15313,1.15316,42.0
2026-08-03T05:40:00.000000,1.15316,1.15322,1.1531,1.15311,34.0
2026-08-03T05:41:00.000000,1.15311,1.15317,1.15308,1.15308,28.0
2026-08-03T05:42:00.000000,1.15309,1.1531,1.15301,1.15303,33.0
2026-08-03T05:43:00.000000,1.15303,1.15313,1.15295,1.15309,39.0
2026-08-03T05:44:00.000000,1.15309,1.15309,1.15298,1.153,17.0
2026-08-03T05:45:00.000000,1.153,1.15301,1.1529099999999999,1.15294,25.0
2026-08-03T05:46:00.000000,1.15295,1.15296,1.15285,1.1529099999999999,49.0
2026-08-03T05:47:00.000000,1.15292,1.15302,1.15292,1.15302,46.0
2026-08-03T05:48:00.000000,1.15302,1.15302,1.1529,1.15299,52.0
2026-08-03T05:49:00.000000,1.15298,1.15326,1.15297,1.15324,45.0
2026-08-03T05:50:00.000000,1.15323,1.15323,1.15314,1.1531500000000001,34.0
2026-08-03T05:51:00.000000,1.1531500000000001,1.15321,1.15314,1.15319,35.0
2026-08-03T05:52:00.000000,1.1532,1.1532,1.15308,1.1531,41.0
2026-08-03T05:53:00.000000,1.15311,1.15311,1.15303,1.15304,32.0
2026-08-03T05:54:00.000000,1.15304,1.1531500000000001,1.15304,1.15313,46.0
2026-08-03T05:55:00.000000,1.15313,1.15321,1.15313,1.1532,39.0
2026-08-03T05:56:00.000000,1.15321,1.1532499999999999,1.15318,1.15319,31.0
2026-08-03T05:57:00.000000,1.15319,1.15326,1.15311,1.15326,29.0
2026-08-03T05:58:00.000000,1.15326,1.15331,1.15323,1.15328,34.0
2026-08-03T05:59:00.000000,1.15328,1.15333,1.1532499999999999,1.15329,20.0
2026-08-03T06:00:00.000000,1.15329,1.15336,1.15326,1.15329,49.0
2026-08-03T06:01:00.000000,1.15329,1.15334,1.1532499999999999,1.15328,53.0
2026-08-03T06:02:00.000000,1.15329,1.15332,1.1532,1.15322,43.0
2026-08-03T06:03:00.000000,1.15321,1.15326,1.1532,1.1532499999999999,46.0
2026-08-03T06:04:00.000000,1.15324,1.15326,1.15319,1.15326,25.0
2026-08-03T06:05:00.000000,1.15327,1.15344,1.15322,1.15341,41.0
2026-08-03T06:06:00.000000,1.15341,1.1535199999999999,1.15335,1.15344,50.0
2026-08-03T06:07:00.000000,1.15343,1.1535,1.1534,1.15348,43.0
2026-08-03T06:08:00.000000,1.15348,1.15355,1.15348,1.15354,35.0
2026-08-03T06:09:00.000000,1.15354,1.15354,1.15349,1.15349,16.0
2026-08-03T06:10:00.000000,1.15349,1.1535199999999999,1.15345,1.15346,46.0
2026-08-03T06:11:00.000000,1.15346,1.15348,1.1533,1.15331,61.0
2026-08-03T06:12:00.000000,1.1533,1.15338,1.1533,1.15337,34.0
2026-08-03T06:13:00.000000,1.15337,1.15337,1.15328,1.1533,32.0
2026-08-03T06:14:00.000000,1.15329,1.15333,1.15318,1.15318,44.0
2026-08-03T06:15:00.000000,1.15318,1.1532,1.15314,1.15314,31.0
2026-08-03T06:16:00.000000,1.1531500000000001,1.15323,1.1531500000000001,1.15322,23.0
2026-08-03T06:17:00.000000,1.15322,1.15324,1.15314,1.1531500000000001,38.0
2026-08-03T06:18:00.000000,1.1531500000000001,1.15321,1.15314,1.1532,23.0
2026-08-03T06:19:00.000000,1.1532,1.15329,1.1532,1.15328,30.0
2026-08-03T06:20:00.000000,1.15328,1.1533,1.15327,1.15329,12.0
2026-08-03T06:21:00.000000,1.15329,1.15331,1.15323,1.15324,33.0
2026-08-03T06:22:00.000000,1.15323,1.15328,1.15323,1.15324,21.0
2026-08-03T06:23:00.000000,1.15324,1.15329,1.15319,1.15322,28.0
2026-08-03T06:24:00.000000,1.15322,1.15326,1.15314,1.1531500000000001,42.0
2026-08-03T06:25:00.000000,1.15316,1.1532,1.15314,1.15314,31.0
2026-08-03T06:26:00.000000,1.15314,1.15314,1.15308,1.15311,17.0
2026-08-03T06:27:00.000000,1.15311,1.15319,1.15311,1.15314,22.0
2026-08-03T06:28:00.000000,1.15314,1.15318,1.15312,1.15313,36.0
2026-08-03T06:29:00.000000,1.15313,1.1531500000000001,1.1531,1.1531,36.0
2026-08-03T06:30:00.000000,1.1531,1.15312,1.15296,1.15297,44.0
2026-08-03T06:31:00.000000,1.15297,1.15299,1.1529099999999999,1.15292,41.0
2026-08-03T06:32:00.000000,1.15292,1.15306,1.15292,1.15304,51.0
2026-08-03T06:33:00.000000,1.15303,1.15304,1.15297,1.153,39.0
2026-08-03T06:34:00.000000,1.153,1.153,1.15294,1.15294,44.0
2026-08-03T06:35:00.000000,1.15294,1.15297,1.15293,1.15296,33.0
2026-08-03T06:36:00.000000,1.15295,1.153,1.15294,1.15299,33.0
2026-08-03T06:37:00.000000,1.15298,1.15302,1.15297,1.153,43.0
2026-08-03T06:38:00.000000,1.153,1.15304,1.15297,1.15297,26.0
2026-08-03T06:39:00.000000,1.15297,1.15298,1.1529099999999999,1.1529099999999999,22.0
2026-08-03T06:40:00.000000,1.1529099999999999,1.1529099999999999,1.15284,1.15285,36.0
2026-08-03T06:41:00.000000,1.15285,1.15286,1.15276,1.1528,46.0
2026-08-03T06:42:00.000000,1.1528,1.1528100000000001,1.15273,1.15276,44.0
2026-08-03T06:43:00.000000,1.15276,1.15279,1.15275,1.15278,15.0
2026-08-03T06:44:00.000000,1.15278,1.15283,1.15278,1.1528100000000001,31.0
2026-08-03T06:45:00.000000,1.1528100000000001,1.15282,1.15271,1.15273,40.0
2026-08-03T06:46:00.000000,1.15273,1.15278,1.15273,1.15276,24.0
2026-08-03T06:47:00.000000,1.15275,1.1528100000000001,1.15275,1.15278,23.0
2026-08-03T06:48:00.000000,1.1528,1.15282,1.15275,1.15276,39.0
2026-08-03T06:49:00.000000,1.15276,1.15286,1.15276,1.15285,19.0
2026-08-03T06:50:00.000000,1.15285,1.15289,1.15279,1.1528100000000001,20.0
2026-08-03T06:51:00.000000,1.1528100000000001,1.15282,1.15279,1.1528100000000001,14.0
2026-08-03T06:52:00.000000,1.15282,1.15282,1.15277,1.15277,18.0
2026-08-03T06:53:00.000000,1.15278,1.15287,1.15278,1.15286,35.0
2026-08-03T06:54:00.000000,1.15287,1.15293,1.15286,1.15292,45.0
2026-08-03T06:55:00.000000,1.15292,1.15295,1.15289,1.15294,46.0
2026-08-03T06:56:00.000000,1.15294,1.15295,1.15285,1.15286,21.0
2026-08-03T06:57:00.000000,1.15287,1.15296,1.15287,1.15293,36.0
2026-08-03T06:58:00.000000,1.15293,1.15293,1.15286,1.15289,46.0
2026-08-03T06:59:00.000000,1.15289,1.15292,1.15288,1.15292,20.0
2026-08-03T07:00:00.000000,1.1529099999999999,1.15293,1.15286,1.15286,22.0
2026-08-03T07:01:00.000000,1.15286,1.15286,1.15283,1.15283,40.0
2026-08-03T07:02:00.000000,1.15279,1.15284,1.15278,1.15279,26.0
2026-08-03T07:03:00.000000,1.1528,1.1528,1.15276,1.15277,36.0
2026-08-03T07:04:00.000000,1.15277,1.15279,1.15273,1.15277,35.0
2026-08-03T07:05:00.000000,1.15276,1.15295,1.15274,1.15277,104.0
2026-08-03T07:06:00.000000,1.15276,1.1528100000000001,1.15271,1.15279,36.0
2026-08-03T07:07:00.000000,1.15278,1.1528,1.15276,1.15279,20.0
2026-08-03T07:08:00.000000,1.15278,1.15279,1.15274,1.15276,19.0
2026-08-03T07:09:00.000000,1.15276,1.15277,1.15273,1.15275,24.0
2026-08-03T07:10:00.000000,1.15274,1.1528100000000001,1.15274,1.1528,25.0
2026-08-03T07:11:00.000000,1.1528,1.1528,1.15273,1.15273,24.0
2026-08-03T07:12:00.000000,1.15273,1.15273,1.15269,1.15273,20.0
2026-08-03T07:13:00.000000,1.15274,1.15274,1.15269,1.15272,27.0
2026-08-03T07:14:00.000000,1.15274,1.15277,1.15271,1.15275,27.0
2026-08-03T07:15:00.000000,1.15275,1.15278,1.1527,1.15277,24.0
2026-08-03T07:16:00.000000,1.15277,1.15282,1.15277,1.1528,42.0
2026-08-03T07:17:00.000000,1.1528,1.15284,1.15278,1.15284,25.0
2026-08-03T07:18:00.000000,1.15284,1.15285,1.1528100000000001,1.15283,30.0
2026-08-03T07:19:00.000000,1.15283,1.15284,1.15278,1.15278,26.0
2026-08-03T07:20:00.000000,1.15278,1.1528,1.15277,1.15277,28.0
2026-08-03T07:21:00.000000,1.15278,1.15284,1.15277,1.15284,7.0
2026-08-03T07:22:00.000000,1.15284,1.15289,1.15279,1.15288,40.0
2026-08-03T07:23:00.000000,1.15287,1.15288,1.15278,1.15278,28.0
2026-08-03T07:24:00.000000,1.15278,1.15283,1.15278,1.15278,23.0
2026-08-03T07:25:00.000000,1.15278,1.1528,1.15278,1.15279,20.0
2026-08-03T07:26:00.000000,1.15278,1.1528,1.15278,1.15279,14.0
2026-08-03T07:27:00.000000,1.15278,1.15288,1.15278,1.15283,20.0
2026-08-03T07:28:00.000000,1.15284,1.153,1.15284,1.15299,21.0
2026-08-03T07:29:00.000000,1.15299,1.15304,1.15299,1.15299,29.0
2026-08-03T07:30:00.000000,1.15299,1.15309,1.15299,1.15301,53.0
2026-08-03T07:31:00.000000,1.15301,1.15306,1.153,1.15306,19.0
2026-08-03T07:32:00.000000,1.15306,1.15308,1.15302,1.15304,24.0
2026-08-03T07:33:00.000000,1.15303,1.15318,1.15303,1.15303,50.0
2026-08-03T07:34:00.000000,1.15304,1.15306,1.15303,1.15304,21.0
2026-08-03T07:35:00.000000,1.15304,1.15307,1.15299,1.153,37.0
2026-08-03T07:36:00.000000,1.153,1.15303,1.15294,1.15297,44.0
2026-08-03T07:37:00.000000,1.15297,1.15306,1.15297,1.15304,37.0
2026-08-03T07:38:00.000000,1.15304,1.15309,1.15298,1.15299,38.0
2026-08-03T07:39:00.000000,1.15299,1.153,1.15293,1.15294,40.0
2026-08-03T07:40:00.000000,1.15294,1.15299,1.15293,1.15294,31.0
2026-08-03T07:41:00.000000,1.15294,1.15295,1.15293,1.15294,11.0
2026-08-03T07:42:00.000000,1.15294,1.15299,1.1529,1.15299,30.0
2026-08-03T07:43:00.000000,1.15299,1.1531500000000001,1.15299,1.15313,30.0
2026-08-03T07:44:00.000000,1.15312,1.15316,1.15305,1.15314,31.0
2026-08-03T07:45:00.000000,1.15314,1.15324,1.15313,1.15322,39.0
2026-08-03T07:46:00.000000,1.15321,1.15322,1.1531,1.15313,29.0
2026-08-03T07:47:00.000000,1.15313,1.1532,1.15312,1.15319,14.0
2026-08-03T07:48:00.000000,1.1532,1.1532499999999999,1.15319,1.15324,19.0
2026-08-03T07:49:00.000000,1.15324,1.15324,1.15319,1.15324,17.0
2026-08-03T07:50:00.000000,1.15324,1.15331,1.15324,1.15329,20.0
2026-08-03T07:51:00.000000,1.15329,1.15329,1.1532499999999999,1.15326,37.0
2026-08-03T07:52:00.000000,1.15326,1.15328,1.15324,1.1532499999999999,20.0
2026-08-03T07:53:00.000000,1.1532499999999999,1.1532499999999999,1.15318,1.15319,14.0
2026-08-03T07:54:00.000000,1.15318,1.15319,1.15313,1.15314,23.0
2026-08-03T07:55:00.000000,1.15314,1.15324,1.15314,1.1532,26.0
2026-08-03T07:56:00.000000,1.15319,1.15324,1.15318,1.15323,23.0
2026-08-03T07:57:00.000000,1.15323,1.1532499999999999,1.15317,1.15323,38.0
2026-08-03T07:58:00.000000,1.15324,1.1532499999999999,1.15321,1.15322,14.0
2026-08-03T07:59:00.000000,1.15322,1.15331,1.15322,1.15328,31.0
2026-08-03T08:00:00.000000,1.15328,1.15332,1.15327,1.15329,26.0
2026-08-03T08:01:00.000000,1.15329,1.1533,1.15321,1.15322,20.0
2026-08-03T08:02:00.000000,1.15322,1.15322,1.15317,1.15319,22.0
2026-08-03T08:03:00.000000,1.15318,1.15329,1.15318,1.15329,19.0
2026-08-03T08:04:00.000000,1.1533,1.1533,1.15328,1.1533,19.0
2026-08-03T08:05:00.000000,1.15332,1.15338,1.15332,1.15336,19.0
2026-08-03T08:06:00.000000,1.15336,1.15338,1.15335,1.15337,21.0
2026-08-03T08:07:00.000000,1.15337,1.15339,1.15329,1.15332,39.0
2026-08-03T08:08:00.000000,1.15332,1.15341,1.15332,1.15339,52.0
2026-08-03T08:09:00.000000,1.15339,1.15349,1.15336,1.15345,57.0
2026-08-03T08:10:00.000000,1.15345,1.15346,1.15338,1.1534200000000001,26.0
2026-08-03T08:11:00.000000,1.1534200000000001,1.15349,1.15339,1.15339,29.0
2026-08-03T08:12:00.000000,1.15339,1.15344,1.15339,1.1534,26.0
2026-08-03T08:13:00.000000,1.1534,1.15341,1.15339,1.15341,16.0
2026-08-03T08:14:00.000000,1.1534,1.1536,1.15339,1.1536,47.0
2026-08-03T08:15:00.000000,1.1536,1.1536,1.15345,1.15345,51.0
2026-08-03T08:16:00.000000,1.15345,1.15348,1.1534200000000001,1.15348,24.0
2026-08-03T08:17:00.000000,1.15348,1.15348,1.15339,1.15339,22.0
2026-08-03T08:18:00.000000,1.1534,1.1535,1.1534,1.1535,21.0
2026-08-03T08:19:00.000000,1.1535,1.1535,1.15346,1.15346,10.0
2026-08-03T08:20:00.000000,1.15345,1.15346,1.15339,1.15339,15.0
2026-08-03T08:21:00.000000,1.15339,1.15339,1.15333,1.15334,15.0
2026-08-03T08:22:00.000000,1.15333,1.15334,1.15328,1.1533,26.0
2026-08-03T08:23:00.000000,1.15329,1.15336,1.15329,1.15335,15.0
2026-08-03T08:24:00.000000,1.15336,1.15336,1.15331,1.15333,17.0
2026-08-03T08:25:00.000000,1.15333,1.15339,1.15329,1.15336,38.0
2026-08-03T08:26:00.000000,1.15337,1.1534,1.15336,1.15338,14.0
2026-08-03T08:27:00.000000,1.15338,1.1534200000000001,1.15331,1.1534200000000001,42.0
2026-08-03T08:28:00.000000,1.1534200000000001,1.1534200000000001,1.15339,1.15341,28.0
2026-08-03T08:29:00.000000,1.1534200000000001,1.15345,1.1534,1.1534200000000001,36.0
2026-08-03T08:30:00.000000,1.15343,1.15349,1.15341,1.15349,35.0
2026-08-03T08:31:00.000000,1.15349,1.15351,1.15348,1.15348,30.0
2026-08-03T08:32:00.000000,1.15349,1.15357,1.15347,1.15355,40.0
2026-08-03T08:33:00.000000,1.15355,1.15355,1.15344,1.15344,12.0
2026-08-03T08:34:00.000000,1.15344,1.15345,1.15339,1.1534,15.0
2026-08-03T08:35:00.000000,1.1534,1.1534,1.15335,1.15336,25.0
2026-08-03T08:36:00.000000,1.15335,1.15349,1.15335,1.15337,39.0
2026-08-03T08:37:00.000000,1.15337,1.15339,1.15328,1.15329,36.0
2026-08-03T08:38:00.000000,1.15328,1.1533,1.15324,1.1532499999999999,29.0
2026-08-03T08:39:00.000000,1.15326,1.15327,1.15317,1.1532,33.0
2026-08-03T08:40:00.000000,1.15319,1.15321,1.15318,1.15319,45.0
2026-08-03T08:41:00.000000,1.15319,1.15326,1.15317,1.15322,34.0
2026-08-03T08:42:00.000000,1.15322,1.15326,1.1532,1.1532499999999999,25.0
2026-08-03T08:43:00.000000,1.1532499999999999,1.15327,1.15323,1.1532499999999999,25.0
2026-08-03T08:44:00.000000,1.1532499999999999,1.15335,1.15324,1.15333,39.0
2026-08-03T08:45:00.000000,1.15333,1.15336,1.1533,1.15333,35.0
2026-08-03T08:46:00.000000,1.15333,1.15335,1.15329,1.1533,39.0
2026-08-03T08:47:00.000000,1.15329,1.15334,1.15327,1.15334,32.0
2026-08-03T08:48:00.000000,1.15334,1.15339,1.15331,1.15334,35.0
2026-08-03T08:49:00.000000,1.15334,1.15336,1.15331,1.15334,39.0
2026-08-03T08:50:00.000000,1.15334,1.15336,1.15333,1.15336,17.0
2026-08-03T08:51:00.000000,1.15336,1.15341,1.15335,1.15338,31.0
2026-08-03T08:52:00.000000,1.15338,1.15343,1.15334,1.15334,28.0
2026-08-03T08:53:00.000000,1.15334,1.15335,1.1532499999999999,1.1532499999999999,14.0
2026-08-03T08:54:00.000000,1.1532499999999999,1.15331,1.1532499999999999,1.15331,40.0
2026-08-03T08:55:00.000000,1.15331,1.15331,1.15322,1.15328,28.0
2026-08-03T08:56:00.000000,1.15328,1.15335,1.15326,1.15334,17.0
2026-08-03T08:57:00.000000,1.15334,1.15334,1.15329,1.1533,38.0
2026-08-03T08:58:00.000000,1.1533,1.1533,1.15326,1.15327,26.0
2026-08-03T08:59:00.000000,1.15328,1.15337,1.15328,1.15336,26.0
2026-08-03T09:00:00.000000,1.15335,1.15346,1.15333,1.15345,26.0
2026-08-03T09:01:00.000000,1.15345,1.15345,1.15338,1.15341,33.0
2026-08-03T09:02:00.000000,1.15341,1.15347,1.15336,1.15344,40.0
2026-08-03T09:03:00.000000,1.15345,1.15355,1.15344,1.15355,25.0
2026-08-03T09:04:00.000000,1.15354,1.15357,1.15349,1.15357,27.0
2026-08-03T09:05:00.000000,1.15356,1.15357,1.1535,1.15354,35.0
2026-08-03T09:06:00.000000,1.15354,1.15356,1.15349,1.15356,25.0
2026-08-03T09:07:00.000000,1.15355,1.15356,1.1535199999999999,1.15354,20.0
2026-08-03T09:08:00.000000,1.15355,1.15357,1.1535199999999999,1.15353,37.0
2026-08-03T09:09:00.000000,1.15354,1.15355,1.15344,1.15344,39.0
2026-08-03T09:10:00.000000,1.15344,1.15345,1.15339,1.15339,27.0
2026-08-03T09:11:00.000000,1.1534,1.1534,1.15333,1.15339,36.0
2026-08-03T09:12:00.000000,1.15339,1.15354,1.15338,1.15351,30.0
2026-08-03T09:13:00.000000,1.15349,1.15354,1.15349,1.15353,26.0
2026-08-03T09:14:00.000000,1.15354,1.15362,1.15354,1.15359,31.0
2026-08-03T09:15:00.000000,1.15359,1.15364,1.15358,1.15358,20.0
2026-08-03T09:16:00.000000,1.15358,1.15365,1.15358,1.15365,11.0
2026-08-03T09:17:00.000000,1.15364,1.1537,1.15359,1.15369,32.0
2026-08-03T09:18:00.000000,1.15369,1.15369,1.15353,1.15354,37.0
2026-08-03T09:19:00.000000,1.15354,1.15357,1.15353,1.15355,22.0
2026-08-03T09:20:00.000000,1.15354,1.15354,1.15349,1.15354,30.0
2026-08-03T09:21:00.000000,1.15354,1.15354,1.1535,1.15351,29.0
2026-08-03T09:22:00.000000,1.15351,1.15355,1.15349,1.15355,17.0
2026-08-03T09:23:00.000000,1.15355,1.15356,1.15351,1.15351,19.0
2026-08-03T09:24:00.000000,1.15351,1.15361,1.15351,1.15361,31.0
2026-08-03T09:25:00.000000,1.1536,1.15371,1.1536,1.1537,29.0
2026-08-03T09:26:00.000000,1.1537,1.1537600000000001,1.15367,1.15375,32.0
2026-08-03T09:27:00.000000,1.15375,1.15375,1.15365,1.15366,39.0
2026-08-03T09:28:00.000000,1.15366,1.15374,1.15363,1.15373,37.0
2026-08-03T09:29:00.000000,1.15374,1.15375,1.15368,1.15372,25.0
2026-08-03T09:30:00.000000,1.15372,1.15379,1.15364,1.15378,69.0
2026-08-03T09:31:00.000000,1.15378,1.15381,1.1537600000000001,1.15381,45.0
2026-08-03T09:32:00.000000,1.15381,1.15384,1.15369,1.1537,47.0
2026-08-03T09:33:00.000000,1.15369,1.1537,1.15362,1.15368,48.0
2026-08-03T09:34:00.000000,1.15368,1.15381,1.15367,1.15371,63.0
2026-08-03T09:35:00.000000,1.15371,1.15388,1.15371,1.15382,54.0
2026-08-03T09:36:00.000000,1.15383,1.15383,1.1537,1.15374,51.0
2026-08-03T09:37:00.000000,1.15374,1.15374,1.15359,1.15363,39.0
2026-08-03T09:38:00.000000,1.15362,1.15363,1.15348,1.15349,59.0
2026-08-03T09:39:00.000000,1.15349,1.1535199999999999,1.15348,1.1535,34.0
2026-08-03T09:40:00.000000,1.1535,1.15351,1.15348,1.15349,50.0
2026-08-03T09:41:00.000000,1.15349,1.15363,1.15348,1.15363,49.0
2026-08-03T09:42:00.000000,1.15363,1.15365,1.15354,1.15354,37.0
2026-08-03T09:43:00.000000,1.15354,1.15354,1.15349,1.15349,26.0
2026-08-03T09:44:00.000000,1.15349,1.1535,1.15328,1.15328,52.0
2026-08-03T09:45:00.000000,1.15328,1.15332,1.15321,1.15331,71.0
2026-08-03T09:46:00.000000,1.15331,1.15341,1.15329,1.15339,46.0
2026-08-03T09:47:00.000000,1.15339,1.15341,1.15329,1.15331,37.0
2026-08-03T09:48:00.000000,1.1533,1.15341,1.15328,1.15341,63.0
2026-08-03T09:49:00.000000,1.15341,1.1536,1.15341,1.15346,74.0
2026-08-03T09:50:00.000000,1.15346,1.15355,1.15344,1.1535,46.0
2026-08-03T09:51:00.000000,1.1535,1.15358,1.15321,1.15323,64.0
2026-08-03T09:52:00.000000,1.15323,1.1533,1.15313,1.15328,67.0
2026-08-03T09:53:00.000000,1.15329,1.1533,1.15328,1.15329,29.0
2026-08-03T09:54:00.000000,1.15329,1.15335,1.15329,1.15333,42.0
2026-08-03T09:55:00.000000,1.15333,1.15334,1.15324,1.1533,53.0
2026-08-03T09:56:00.000000,1.15329,1.1533,1.15319,1.15321,35.0
2026-08-03T09:57:00.000000,1.15321,1.1532499999999999,1.15313,1.1531500000000001,54.0
2026-08-03T09:58:00.000000,1.1531500000000001,1.15324,1.15313,1.15324,51.0
2026-08-03T09:59:00.000000,1.15324,1.15339,1.15322,1.15339,53.0
2026-08-03T10:00:00.000000,1.15339,1.15345,1.15323,1.1533,51.0
2026-08-03T10:01:00.000000,1.1533,1.1533,1.15324,1.15324,50.0
2026-08-03T10:02:00.000000,1.15324,1.1532499999999999,1.15314,1.1532,48.0
2026-08-03T10:03:00.000000,1.1532,1.15324,1.15319,1.15319,50.0
2026-08-03T10:04:00.000000,1.15319,1.15323,1.15297,1.15304,72.0
2026-08-03T10:05:00.000000,1.15304,1.15305,1.1529099999999999,1.15295,62.0
2026-08-03T10:06:00.000000,1.15296,1.153,1.15288,1.15289,41.0
2026-08-03T10:07:00.000000,1.15289,1.15289,1.15268,1.15273,49.0
2026-08-03T10:08:00.000000,1.15271,1.15279,1.15269,1.1527,81.0
2026-08-03T10:09:00.000000,1.1527,1.1527,1.1525400000000001,1.15258,68.0
2026-08-03T10:10:00.000000,1.15256,1.1526399999999999,1.15253,1.15255,86.0
2026-08-03T10:11:00.000000,1.15255,1.15263,1.15251,1.1525400000000001,48.0
2026-08-03T10:12:00.000000,1.1525400000000001,1.15263,1.15251,1.15253,40.0
2026-08-03T10:13:00.000000,1.15252,1.15261,1.15246,1.1525,94.0
2026-08-03T10:14:00.000000,1.1525,1.15257,1.1524,1.1525400000000001,65.0
2026-08-03T10:15:00.000000,1.1525400000000001,1.15258,1.15242,1.15243,58.0
2026-08-03T10:16:00.000000,1.15242,1.15259,1.15237,1.15257,115.0
2026-08-03T10:17:00.000000,1.15256,1.15258,1.15245,1.15247,72.0
2026-08-03T10:18:00.000000,1.15247,1.15259,1.15243,1.15251,77.0
2026-08-03T10:19:00.000000,1.15251,1.15253,1.15246,1.15249,46.0
2026-08-03T10:20:00.000000,1.15249,1.15257,1.15246,1.15248,54.0
2026-08-03T10:21:00.000000,1.15248,1.1526399999999999,1.15248,1.15258,40.0
2026-08-03T10:22:00.000000,1.15258,1.15263,1.15251,1.15256,72.0
2026-08-03T10:23:00.000000,1.15257,1.15257,1.15246,1.15248,89.0
2026-08-03T10:24:00.000000,1.15248,1.15279,1.15248,1.15271,63.0
2026-08-03T10:25:00.000000,1.15268,1.15284,1.15268,1.15273,88.0
2026-08-03T10:26:00.000000,1.15273,1.15285,1.15266,1.15274,86.0
2026-08-03T10:27:00.000000,1.15274,1.1528,1.1526399999999999,1.15265,52.0
2026-08-03T10:28:00.000000,1.15266,1.15269,1.15258,1.1526399999999999,57.0
2026-08-03T10:29:00.000000,1.15265,1.15271,1.1526,1.1527,49.0
2026-08-03T10:30:00.000000,1.15268,1.15294,1.15265,1.15286,94.0
2026-08-03T10:31:00.000000,1.15285,1.15303,1.15274,1.15278,104.0
2026-08-03T10:32:00.000000,1.15279,1.15279,1.15255,1.15259,80.0
2026-08-03T10:33:00.000000,1.15259,1.15267,1.15255,1.15259,68.0
2026-08-03T10:34:00.000000,1.15257,1.1526,1.15251,1.15259,42.0
2026-08-03T10:35:00.000000,1.15259,1.15266,1.15239,1.15239,66.0
2026-08-03T10:36:00.000000,1.15239,1.15244,1.15224,1.15224,76.0
2026-08-03T10:37:00.000000,1.15224,1.15246,1.15223,1.15245,74.0
2026-08-03T10:38:00.000000,1.15245,1.1525,1.15243,1.15248,46.0
2026-08-03T10:39:00.000000,1.15249,1.15269,1.15248,1.15258,58.0
2026-08-03T10:40:00.000000,1.15258,1.15268,1.15258,1.15265,63.0
2026-08-03T10:41:00.000000,1.1526399999999999,1.15269,1.15262,1.15265,65.0
2026-08-03T10:42:00.000000,1.15265,1.15297,1.15265,1.15295,55.0
2026-08-03T10:43:00.000000,1.15295,1.15298,1.15284,1.15285,79.0
2026-08-03T10:44:00.000000,1.15284,1.15294,1.15282,1.15294,51.0
2026-08-03T10:45:00.000000,1.15294,1.15306,1.1529,1.15295,57.0
2026-08-03T10:46:00.000000,1.15295,1.15295,1.15259,1.1526,59.0
2026-08-03T10:47:00.000000,1.1526,1.15265,1.15213,1.15219,159.0
2026-08-03T10:48:00.000000,1.15219,1.15227,1.15206,1.15224,160.0
2026-08-03T10:49:00.000000,1.15225,1.15246,1.15221,1.15245,119.0
2026-08-03T10:50:00.000000,1.15246,1.1525400000000001,1.15241,1.15251,76.0
2026-08-03T10:51:00.000000,1.15252,1.15261,1.15247,1.15261,85.0
2026-08-03T10:52:00.000000,1.15261,1.15265,1.15256,1.15261,65.0
2026-08-03T10:53:00.000000,1.15261,1.15269,1.15244,1.1525,71.0
2026-08-03T10:54:00.000000,1.15247,1.1525400000000001,1.15243,1.15253,94.0
2026-08-03T10:55:00.000000,1.1525400000000001,1.15276,1.15252,1.15265,71.0
2026-08-03T10:56:00.000000,1.1526399999999999,1.15288,1.15262,1.15284,71.0
2026-08-03T10:57:00.000000,1.15284,1.15288,1.15279,1.15282,40.0
2026-08-03T10:58:00.000000,1.15282,1.15294,1.15282,1.15284,42.0
2026-08-03T10:59:00.000000,1.15284,1.15294,1.15283,1.15287,41.0
2026-08-03T11:00:00.000000,1.15289,1.15305,1.15289,1.153,51.0
2026-08-03T11:01:00.000000,1.153,1.15311,1.153,1.15309,28.0
2026-08-03T11:02:00.000000,1.15309,1.15316,1.15305,1.1531,55.0
2026-08-03T11:03:00.000000,1.15314,1.15321,1.15308,1.1531500000000001,66.0
2026-08-03T11:04:00.000000,1.15316,1.15321,1.15313,1.15318,56.0
2026-08-03T11:05:00.000000,1.15318,1.15322,1.15308,1.15311,38.0
2026-08-03T11:06:00.000000,1.15311,1.15314,1.15278,1.15278,67.0
2026-08-03T11:07:00.000000,1.15279,1.1529,1.15267,1.15273,67.0
2026-08-03T11:08:00.000000,1.15273,1.15278,1.15263,1.15263,51.0
2026-08-03T11:09:00.000000,1.15263,1.15275,1.15263,1.15269,39.0
2026-08-03T11:10:00.000000,1.1527,1.15273,1.15261,1.15268,32.0
2026-08-03T11:11:00.000000,1.15268,1.15268,1.15243,1.15243,63.0
2026-08-03T11:12:00.000000,1.15243,1.15246,1.15238,1.15242,59.0
2026-08-03T11:13:00.000000,1.15242,1.15255,1.15235,1.15253,55.0
2026-08-03T11:14:00.000000,1.15253,1.1526399999999999,1.15253,1.15263,55.0
2026-08-03T11:15:00.000000,1.1526399999999999,1.1527,1.15261,1.1526399999999999,49.0
2026-08-03T11:16:00.000000,1.15263,1.15266,1.15251,1.15253,53.0
2026-08-03T11:17:00.000000,1.15253,1.1526399999999999,1.1525,1.15262,60.0
2026-08-03T11:18:00.000000,1.15262,1.15265,1.1525400000000001,1.15258,46.0
2026-08-03T11:19:00.000000,1.15259,1.15263,1.15251,1.15253,55.0
2026-08-03T11:20:00.000000,1.15253,1.15253,1.15234,1.1525,54.0
2026-08-03T11:21:00.000000,1.1525,1.1525400000000001,1.15244,1.15251,41.0
2026-08-03T11:22:00.000000,1.1525,1.1525,1.15237,1.15249,76.0
2026-08-03T11:23:00.000000,1.15249,1.15261,1.15249,1.1525400000000001,41.0
2026-08-03T11:24:00.000000,1.1525400000000001,1.15269,1.15253,1.15265,66.0
2026-08-03T11:25:00.000000,1.15265,1.1527,1.15247,1.15247,52.0
2026-08-03T11:26:00.000000,1.15247,1.1525,1.15241,1.15245,45.0
2026-08-03T11:27:00.000000,1.15245,1.15255,1.15243,1.15255,34.0
2026-08-03T11:28:00.000000,1.15255,1.15271,1.1525400000000001,1.15265,60.0
2026-08-03T11:29:00.000000,1.15265,1.15274,1.15261,1.15261,50.0
2026-08-03T11:30:00.000000,1.15261,1.15266,1.15247,1.1525400000000001,42.0
2026-08-03T11:31:00.000000,1.15255,1.1526,1.15248,1.15255,70.0
2026-08-03T11:32:00.000000,1.15256,1.15261,1.15252,1.15253,50.0
2026-08-03T11:33:00.000000,1.15253,1.15255,1.15238,1.1524,39.0
2026-08-03T11:34:00.000000,1.15239,1.15249,1.15237,1.15244,62.0
2026-08-03T11:35:00.000000,1.15244,1.15255,1.15241,1.15248,67.0
2026-08-03T11:36:00.000000,1.15248,1.15253,1.15243,1.15252,71.0
2026-08-03T11:37:00.000000,1.15252,1.15261,1.15252,1.1525400000000001,43.0
2026-08-03T11:38:00.000000,1.15255,1.15255,1.15248,1.15249,30.0
2026-08-03T11:39:00.000000,1.15249,1.1526,1.15235,1.15239,75.0
2026-08-03T11:40:00.000000,1.15239,1.15241,1.15231,1.1524,52.0
2026-08-03T11:41:00.000000,1.15241,1.15266,1.15241,1.15266,60.0
2026-08-03T11:42:00.000000,1.15266,1.15272,1.15263,1.15271,46.0
2026-08-03T11:43:00.000000,1.15271,1.15275,1.15268,1.15272,42.0
2026-08-03T11:44:00.000000,1.15273,1.15274,1.15269,1.1527,20.0
2026-08-03T11:45:00.000000,1.1527,1.15274,1.15259,1.1526,58.0
2026-08-03T11:46:00.000000,1.1526,1.1526,1.15243,1.15249,59.0
2026-08-03T11:47:00.000000,1.1525,1.1525,1.1524,1.1524,40.0
2026-08-03T11:48:00.000000,1.15241,1.15246,1.15239,1.15242,46.0
2026-08-03T11:49:00.000000,1.15243,1.15243,1.15228,1.15233,43.0
2026-08-03T11:50:00.000000,1.15231,1.15231,1.15218,1.15224,45.0
2026-08-03T11:51:00.000000,1.15224,1.15238,1.15223,1.15231,50.0
2026-08-03T11:52:00.000000,1.15231,1.1524,1.15227,1.15239,85.0
2026-08-03T11:53:00.000000,1.15239,1.15262,1.15239,1.15261,66.0
2026-08-03T11:54:00.000000,1.15261,1.15269,1.15259,1.15265,44.0
2026-08-03T11:55:00.000000,1.15265,1.15268,1.15249,1.15257,47.0
2026-08-03T11:56:00.000000,1.15257,1.15257,1.15238,1.1524,70.0
2026-08-03T11:57:00.000000,1.1524,1.15248,1.15237,1.15246,46.0
2026-08-03T11:58:00.000000,1.15246,1.15252,1.15244,1.15252,35.0
2026-08-03T11:59:00.000000,1.1525400000000001,1.1525400000000001,1.15243,1.15244,43.0
2026-08-03T12:00:00.000000,1.15245,1.1525400000000001,1.1524,1.15242,42.0
2026-08-03T12:01:00.000000,1.15243,1.15244,1.15233,1.15235,27.0
2026-08-03T12:02:00.000000,1.15235,1.15242,1.15235,1.1524,53.0
2026-08-03T12:03:00.000000,1.1524,1.15243,1.15233,1.15241,43.0
2026-08-03T12:04:00.000000,1.15241,1.15251,1.15236,1.15243,43.0
2026-08-03T12:05:00.000000,1.15244,1.15272,1.15238,1.15267,89.0
2026-08-03T12:06:00.000000,1.15268,1.15277,1.1525,1.1525400000000001,122.0
2026-08-03T12:07:00.000000,1.15253,1.15253,1.15233,1.15235,85.0
2026-08-03T12:08:00.000000,1.15235,1.15248,1.15233,1.15245,46.0
2026-08-03T12:09:00.000000,1.15246,1.15249,1.15243,1.15247,35.0
2026-08-03T12:10:00.000000,1.15247,1.15251,1.15241,1.15248,48.0
2026-08-03T12:11:00.000000,1.15244,1.15246,1.15242,1.15243,27.0
2026-08-03T12:12:00.000000,1.15244,1.15252,1.15241,1.15251,17.0
2026-08-03T12:13:00.000000,1.15251,1.15256,1.1525,1.15253,40.0
2026-08-03T12:14:00.000000,1.15253,1.1525400000000001,1.15246,1.15249,39.0
2026-08-03T12:15:00.000000,1.15249,1.15255,1.15239,1.1524,47.0
2026-08-03T12:16:00.000000,1.1524,1.15251,1.15237,1.1525,78.0
2026-08-03T12:17:00.000000,1.15249,1.1525400000000001,1.15245,1.1525400000000001,29.0
2026-08-03T12:18:00.000000,1.1525400000000001,1.15255,1.15243,1.15244,45.0
2026-08-03T12:19:00.000000,1.15244,1.1525,1.15239,1.15244,33.0
2026-08-03T12:20:00.000000,1.15244,1.15247,1.15234,1.15234,39.0
2026-08-03T12:21:00.000000,1.15234,1.15234,1.15221,1.15225,45.0
2026-08-03T12:22:00.000000,1.15225,1.15225,1.15215,1.15216,54.0
2026-08-03T12:23:00.000000,1.15216,1.15224,1.1521,1.15224,68.0
2026-08-03T12:24:00.000000,1.15224,1.1522999999999999,1.1522000000000001,1.15229,69.0
2026-08-03T12:25:00.000000,1.15228,1.15237,1.15226,1.15237,50.0
2026-08-03T12:26:00.000000,1.15237,1.15241,1.15229,1.15241,60.0
2026-08-03T12:27:00.000000,1.1524,1.15242,1.15229,1.1522999999999999,47.0
2026-08-03T12:28:00.000000,1.15229,1.15231,1.15219,1.15227,77.0
2026-08-03T12:29:00.000000,1.15227,1.15235,1.15227,1.15227,51.0
2026-08-03T12:30:00.000000,1.15227,1.1525,1.15225,1.15248,62.0
2026-08-03T12:31:00.000000,1.15247,1.15249,1.1524,1.15241,49.0
2026-08-03T12:32:00.000000,1.15241,1.15243,1.15235,1.15243,35.0
2026-08-03T12:33:00.000000,1.15243,1.15245,1.15227,1.15227,50.0
2026-08-03T12:34:00.000000,1.15227,1.15231,1.15217,1.15218,24.0
2026-08-03T12:35:00.000000,1.15219,1.15231,1.15218,1.15226,48.0
2026-08-03T12:36:00.000000,1.15226,1.15244,1.15223,1.15223,50.0
2026-08-03T12:37:00.000000,1.15223,1.15223,1.15209,1.1521,54.0
2026-08-03T12:38:00.000000,1.15209,1.1521,1.15199,1.15208,48.0
2026-08-03T12:39:00.000000,1.15208,1.15226,1.15207,1.15226,61.0
2026-08-03T12:40:00.000000,1.15226,1.15239,1.15225,1.15238,52.0
2026-08-03T12:41:00.000000,1.15238,1.15255,1.15235,1.15246,89.0
2026-08-03T12:42:00.000000,1.15245,1.15265,1.15244,1.15244,68.0
2026-08-03T12:43:00.000000,1.15244,1.1525,1.15244,1.15247,44.0
2026-08-03T12:44:00.000000,1.15247,1.1525,1.15244,1.15245,38.0
2026-08-03T12:45:00.000000,1.15245,1.15245,1.15229,1.15235,49.0
2026-08-03T12:46:00.000000,1.15235,1.15244,1.1522999999999999,1.1522999999999999,67.0
2026-08-03T12:47:00.000000,1.15229,1.15233,1.15209,1.1521,61.0
2026-08-03T12:48:00.000000,1.1521,1.15223,1.1521,1.15218,45.0
2026-08-03T12:49:00.000000,1.15219,1.15225,1.15215,1.15215,48.0
2026-08-03T12:50:00.000000,1.15215,1.15228,1.15215,1.15227,32.0
2026-08-03T12:51:00.000000,1.15227,1.1522999999999999,1.15222,1.15228,43.0
2026-08-03T12:52:00.000000,1.15228,1.15236,1.15227,1.15227,27.0
2026-08-03T12:53:00.000000,1.15227,1.15236,1.15223,1.15234,41.0
2026-08-03T12:54:00.000000,1.15232,1.15236,1.15227,1.15227,49.0
2026-08-03T12:55:00.000000,1.15227,1.15229,1.15221,1.15224,63.0
2026-08-03T12:56:00.000000,1.15224,1.15224,1.15213,1.15214,33.0
2026-08-03T12:57:00.000000,1.15214,1.15223,1.15213,1.15223,44.0
2026-08-03T12:58:00.000000,1.15224,1.15235,1.15224,1.15235,38.0
2026-08-03T12:59:00.000000,1.15234,1.1524,1.15234,1.15239,42.0
2026-08-03T13:00:00.000000,1.1524,1.15246,1.15239,1.15244,34.0
2026-08-03T13:01:00.000000,1.15244,1.1525,1.15237,1.15249,46.0
2026-08-03T13:02:00.000000,1.15248,1.1525,1.15243,1.15249,64.0
2026-08-03T13:03:00.000000,1.15249,1.15257,1.15247,1.1525400000000001,43.0
2026-08-03T13:04:00.000000,1.1525400000000001,1.1525400000000001,1.1524,1.15244,53.0
2026-08-03T13:05:00.000000,1.15245,1.15245,1.15234,1.15238,36.0
2026-08-03T13:06:00.000000,1.15238,1.1525,1.15236,1.15247,41.0
2026-08-03T13:07:00.000000,1.15246,1.15248,1.1524,1.15241,33.0
2026-08-03T13:08:00.000000,1.15241,1.15256,1.1524,1.15255,43.0
2026-08-03T13:09:00.000000,1.15255,1.15263,1.15252,1.15259,37.0
2026-08-03T13:10:00.000000,1.15259,1.1527,1.15259,1.15265,71.0
2026-08-03T13:11:00.000000,1.15265,1.1528,1.15265,1.15275,66.0
2026-08-03T13:12:00.000000,1.15275,1.1528100000000001,1.15275,1.15278,41.0
2026-08-03T13:13:00.000000,1.15278,1.1529,1.15276,1.1528,86.0
2026-08-03T13:14:00.000000,1.1528,1.15287,1.1528,1.15284,35.0
2026-08-03T13:15:00.000000,1.15284,1.15288,1.15277,1.15287,29.0
2026-08-03T13:16:00.000000,1.15287,1.15287,1.1527,1.1528,46.0
2026-08-03T13:17:00.000000,1.1528100000000001,1.15289,1.1528100000000001,1.15284,29.0
2026-08-03T13:18:00.000000,1.15285,1.1529099999999999,1.1528100000000001,1.1529099999999999,50.0
2026-08-03T13:19:00.000000,1.1529099999999999,1.15303,1.15286,1.15288,86.0
2026-08-03T13:20:00.000000,1.15289,1.15298,1.15287,1.15296,67.0
2026-08-03T13:21:00.000000,1.15296,1.15296,1.15284,1.15285,60.0
2026-08-03T13:22:00.000000,1.15285,1.15287,1.15279,1.15279,40.0
2026-08-03T13:23:00.000000,1.1528100000000001,1.15288,1.1528100000000001,1.15286,57.0
2026-08-03T13:24:00.000000,1.15286,1.15287,1.15274,1.15278,61.0
2026-08-03T13:25:00.000000,1.1528,1.15284,1.15274,1.1528,58.0
2026-08-03T13:26:00.000000,1.15279,1.15279,1.15268,1.1527,38.0
2026-08-03T13:27:00.000000,1.15269,1.15272,1.15255,1.1526,75.0
2026-08-03T13:28:00.000000,1.15259,1.1526399999999999,1.15228,1.15229,79.0
2026-08-03T13:29:00.000000,1.1522999999999999,1.15233,1.15219,1.15221,81.0
2026-08-03T13:30:00.000000,1.15221,1.15224,1.15213,1.15218,88.0
2026-08-03T13:31:00.000000,1.15218,1.15225,1.15216,1.15224,44.0
2026-08-03T13:32:00.000000,1.15224,1.15236,1.15224,1.1522999999999999,68.0
2026-08-03T13:33:00.000000,1.1522999999999999,1.15241,1.15224,1.15241,52.0
2026-08-03T13:34:00.000000,1.15241,1.15246,1.15236,1.15243,35.0
2026-08-03T13:35:00.000000,1.15244,1.15245,1.15239,1.1524,37.0
2026-08-03T13:36:00.000000,1.1524,1.15241,1.15228,1.1522999999999999,46.0
2026-08-03T13:37:00.000000,1.1522999999999999,1.15232,1.15221,1.15225,35.0
2026-08-03T13:38:00.000000,1.15226,1.15232,1.15224,1.15231,26.0
2026-08-03T13:39:00.000000,1.15231,1.15233,1.15224,1.1522999999999999,46.0
2026-08-03T13:40:00.000000,1.1522999999999999,1.1522999999999999,1.1521,1.15226,45.0
2026-08-03T13:41:00.000000,1.15226,1.15229,1.15219,1.15219,54.0
2026-08-03T13:42:00.000000,1.15219,1.15226,1.15218,1.15226,34.0
2026-08-03T13:43:00.000000,1.15226,1.15238,1.15226,1.15231,34.0
2026-08-03T13:44:00.000000,1.15231,1.15231,1.15227,1.1522999999999999,18.0
2026-08-03T13:45:00.000000,1.1522999999999999,1.1522999999999999,1.15223,1.15225,43.0
2026-08-03T13:46:00.000000,1.15226,1.15241,1.15224,1.15241,31.0
2026-08-03T13:47:00.000000,1.15243,1.15243,1.15178,1.15181,91.0
2026-08-03T13:48:00.000000,1.1518,1.15197,1.15172,1.15197,124.0
2026-08-03T13:49:00.000000,1.15197,1.15202,1.15187,1.15191,58.0
2026-08-03T13:50:00.000000,1.1519,1.15204,1.15189,1.15196,55.0
2026-08-03T13:51:00.000000,1.15195,1.15199,1.15184,1.15189,58.0
2026-08-03T13:52:00.000000,1.15189,1.15202,1.15187,1.15201,43.0
2026-08-03T13:53:00.000000,1.15201,1.15211,1.15201,1.15206,23.0
2026-08-03T13:54:00.000000,1.15209,1.15222,1.15209,1.15221,32.0
2026-08-03T13:55:00.000000,1.1522000000000001,1.15222,1.15209,1.15216,46.0
2026-08-03T13:56:00.000000,1.15216,1.15226,1.15216,1.15221,47.0
2026-08-03T13:57:00.000000,1.15223,1.15236,1.15223,1.15231,49.0
2026-08-03T13:58:00.000000,1.1522999999999999,1.15237,1.1522999999999999,1.15237,30.0
2026-08-03T13:59:00.000000,1.15237,1.15239,1.1522999999999999,1.15231,33.0
2026-08-03T14:00:00.000000,1.1522999999999999,1.15234,1.15223,1.15223,40.0
2026-08-03T14:01:00.000000,1.15223,1.15224,1.15213,1.1522000000000001,38.0
2026-08-03T14:02:00.000000,1.1522000000000001,1.15224,1.1520299999999999,1.15212,53.0
2026-08-03T14:03:00.000000,1.15212,1.15214,1.15204,1.15209,32.0
2026-08-03T14:04:00.000000,1.15209,1.1522999999999999,1.15209,1.15229,55.0
2026-08-03T14:05:00.000000,1.15229,1.15231,1.1522000000000001,1.15226,44.0
2026-08-03T14:06:00.000000,1.15226,1.15235,1.15224,1.15229,42.0
2026-08-03T14:07:00.000000,1.15229,1.15231,1.15227,1.15229,24.0
2026-08-03T14:08:00.000000,1.15229,1.1522999999999999,1.15218,1.15219,18.0
2026-08-03T14:09:00.000000,1.15219,1.15225,1.15219,1.15225,22.0
2026-08-03T14:10:00.000000,1.15225,1.15226,1.15215,1.15226,35.0
2026-08-03T14:11:00.000000,1.15226,1.15226,1.1521,1.15213,29.0
2026-08-03T14:12:00.000000,1.15213,1.15215,1.15211,1.15211,25.0
2026-08-03T14:13:00.000000,1.15211,1.15213,1.15206,1.1521,31.0
2026-08-03T14:14:00.000000,1.1521,1.1521,1.15208,1.15209,18.0
2026-08-03T14:15:00.000000,1.15208,1.15214,1.15204,1.15206,33.0
2026-08-03T14:16:00.000000,1.15206,1.15207,1.15201,1.15205,27.0
2026-08-03T14:17:00.000000,1.15205,1.15212,1.15199,1.15201,30.0
2026-08-03T14:18:00.000000,1.15201,1.15206,1.15199,1.15205,38.0
2026-08-03T14:19:00.000000,1.15206,1.15215,1.15206,1.15215,16.0
2026-08-03T14:20:00.000000,1.15214,1.15215,1.15209,1.15209,30.0
2026-08-03T14:21:00.000000,1.15209,1.15217,1.15209,1.15211,28.0
2026-08-03T14:22:00.000000,1.15212,1.15222,1.15212,1.15219,37.0
2026-08-03T14:23:00.000000,1.15218,1.15245,1.15216,1.15245,111.0
2026-08-03T14:24:00.000000,1.15247,1.15247,1.15224,1.15227,97.0
2026-08-03T14:25:00.000000,1.15226,1.15242,1.15226,1.15234,55.0
2026-08-03T14:26:00.000000,1.15235,1.15238,1.15229,1.15231,39.0
2026-08-03T14:27:00.000000,1.1522999999999999,1.15233,1.15225,1.15228,28.0
2026-08-03T14:28:00.000000,1.15229,1.1522999999999999,1.15224,1.15225,41.0
2026-08-03T14:29:00.000000,1.15225,1.15227,1.1522000000000001,1.15221,65.0
2026-08-03T14:30:00.000000,1.15221,1.15241,1.15221,1.15241,79.0
2026-08-03T14:31:00.000000,1.15241,1.15256,1.1524,1.15256,66.0
2026-08-03T14:32:00.000000,1.15255,1.15258,1.15248,1.1525,57.0
2026-08-03T14:33:00.000000,1.1525,1.1526,1.15249,1.15259,47.0
2026-08-03T14:34:00.000000,1.15259,1.15261,1.15251,1.15253,64.0
2026-08-03T14:35:00.000000,1.15253,1.15267,1.15253,1.15261,47.0
2026-08-03T14:36:00.000000,1.15261,1.15261,1.15249,1.1525400000000001,55.0
2026-08-03T14:37:00.000000,1.15255,1.15256,1.15252,1.1525400000000001,35.0
2026-08-03T14:38:00.000000,1.1525400000000001,1.15256,1.15253,1.15255,16.0
2026-08-03T14:39:00.000000,1.15257,1.15262,1.15255,1.15257,28.0
2026-08-03T14:40:00.000000,1.15257,1.15265,1.15256,1.15263,41.0
2026-08-03T14:41:00.000000,1.15263,1.15267,1.15258,1.1526,42.0
2026-08-03T14:42:00.000000,1.1526,1.15265,1.15258,1.15259,36.0
2026-08-03T14:43:00.000000,1.15258,1.15258,1.15252,1.1525400000000001,25.0
2026-08-03T14:44:00.000000,1.1525400000000001,1.15258,1.1525400000000001,1.1525400000000001,27.0
2026-08-03T14:45:00.000000,1.1525400000000001,1.15255,1.1525,1.1525400000000001,22.0
2026-08-03T14:46:00.000000,1.1525400000000001,1.1525400000000001,1.15245,1.15248,34.0
2026-08-03T14:47:00.000000,1.15245,1.15255,1.15242,1.15255,33.0
2026-08-03T14:48:00.000000,1.15255,1.15257,1.15239,1.15241,48.0
2026-08-03T14:49:00.000000,1.15241,1.1525,1.15238,1.15245,42.0
2026-08-03T14:50:00.000000,1.15245,1.15251,1.15237,1.15239,53.0
2026-08-03T14:51:00.000000,1.15239,1.15241,1.15216,1.15222,39.0
2026-08-03T14:52:00.000000,1.15221,1.15226,1.15213,1.15213,42.0
2026-08-03T14:53:00.000000,1.15215,1.1522000000000001,1.15208,1.1522000000000001,58.0
2026-08-03T14:54:00.000000,1.1522000000000001,1.1522000000000001,1.15208,1.15208,38.0
2026-08-03T14:55:00.000000,1.15208,1.15216,1.15207,1.15209,40.0
2026-08-03T14:56:00.000000,1.15209,1.15217,1.15208,1.15217,46.0
2026-08-03T14:57:00.000000,1.15217,1.15224,1.15217,1.15221,38.0
2026-08-03T14:58:00.000000,1.15222,1.1522999999999999,1.15218,1.15218,60.0
2026-08-03T14:59:00.000000,1.15218,1.1522000000000001,1.15217,1.1522000000000001,27.0
2026-08-03T15:00:00.000000,1.15222,1.15228,1.15213,1.15228,48.0
2026-08-03T15:01:00.000000,1.15227,1.1522999999999999,1.15224,1.15228,30.0
2026-08-03T15:02:00.000000,1.15228,1.15243,1.15228,1.15241,51.0
2026-08-03T15:03:00.000000,1.15241,1.15246,1.1524,1.15246,45.0
2026-08-03T15:04:00.000000,1.15245,1.1526,1.15245,1.1525400000000001,54.0
2026-08-03T15:05:00.000000,1.15253,1.1525400000000001,1.15239,1.15242,55.0
2026-08-03T15:06:00.000000,1.15242,1.15242,1.15232,1.1524,49.0
2026-08-03T15:07:00.000000,1.1524,1.15248,1.15238,1.15248,39.0
2026-08-03T15:08:00.000000,1.15247,1.15253,1.15244,1.15248,38.0
2026-08-03T15:09:00.000000,1.15248,1.15249,1.15237,1.15242,27.0
2026-08-03T15:10:00.000000,1.15242,1.15249,1.15239,1.15249,25.0
2026-08-03T15:11:00.000000,1.15249,1.15251,1.15242,1.15244,42.0
2026-08-03T15:12:00.000000,1.15244,1.15247,1.15241,1.15246,20.0
2026-08-03T15:13:00.000000,1.15244,1.15259,1.15244,1.15257,42.0
2026-08-03T15:14:00.000000,1.15258,1.15259,1.15252,1.15256,45.0
2026-08-03T15:15:00.000000,1.15257,1.15267,1.15257,1.15262,37.0
2026-08-03T15:16:00.000000,1.15262,1.1527,1.15261,1.15266,48.0
2026-08-03T15:17:00.000000,1.15266,1.15266,1.15263,1.1526399999999999,13.0
2026-08-03T15:18:00.000000,1.1526399999999999,1.15273,1.15263,1.1527,27.0
2026-08-03T15:19:00.000000,1.1527,1.15282,1.15269,1.15282,38.0
2026-08-03T15:20:00.000000,1.15282,1.15292,1.15271,1.15289,47.0
2026-08-03T15:21:00.000000,1.15289,1.15295,1.15278,1.15289,115.0
2026-08-03T15:22:00.000000,1.15289,1.15293,1.15287,1.1529099999999999,52.0
2026-08-03T15:23:00.000000,1.1529,1.1529,1.1528,1.15286,67.0
2026-08-03T15:24:00.000000,1.15286,1.15286,1.1528100000000001,1.15285,26.0
2026-08-03T15:25:00.000000,1.15285,1.15293,1.15282,1.15292,38.0
2026-08-03T15:26:00.000000,1.15292,1.15298,1.15292,1.15294,31.0
2026-08-03T15:27:00.000000,1.15294,1.15308,1.15294,1.15308,36.0
2026-08-03T15:28:00.000000,1.15309,1.15322,1.15308,1.15319,81.0
2026-08-03T15:29:00.000000,1.15319,1.1532499999999999,1.15317,1.15324,53.0
2026-08-03T15:30:00.000000,1.15324,1.15332,1.15319,1.15329,70.0
2026-08-03T15:31:00.000000,1.15328,1.15332,1.15318,1.15323,51.0
2026-08-03T15:32:00.000000,1.15322,1.15343,1.15321,1.15331,79.0
2026-08-03T15:33:00.000000,1.15331,1.15332,1.1531500000000001,1.1532,64.0
2026-08-03T15:34:00.000000,1.15319,1.15337,1.15317,1.15333,61.0
2026-08-03T15:35:00.000000,1.15333,1.15339,1.15328,1.1533,70.0
2026-08-03T15:36:00.000000,1.15329,1.15334,1.15322,1.15334,62.0
2026-08-03T15:37:00.000000,1.15334,1.1534200000000001,1.15327,1.1534,55.0
2026-08-03T15:38:00.000000,1.1534,1.15351,1.15338,1.1534200000000001,83.0
2026-08-03T15:39:00.000000,1.15341,1.15351,1.15338,1.15344,51.0
2026-08-03T15:40:00.000000,1.15344,1.15351,1.1532,1.15322,62.0
2026-08-03T15:41:00.000000,1.15322,1.1532499999999999,1.15317,1.15318,52.0
2026-08-03T15:42:00.000000,1.15318,1.15329,1.15311,1.15324,70.0
2026-08-03T15:43:00.000000,1.15324,1.1532499999999999,1.15306,1.15318,65.0
2026-08-03T15:44:00.000000,1.15319,1.15323,1.15307,1.15314,49.0
2026-08-03T15:45:00.000000,1.15314,1.1532499999999999,1.15309,1.15318,58.0
2026-08-03T15:46:00.000000,1.15319,1.15331,1.1531500000000001,1.1533,64.0
2026-08-03T15:47:00.000000,1.1533,1.15331,1.15303,1.15304,64.0
2026-08-03T15:48:00.000000,1.15303,1.15312,1.15303,1.15312,42.0
2026-08-03T15:49:00.000000,1.15313,1.15316,1.15298,1.15304,90.0
2026-08-03T15:50:00.000000,1.15304,1.15316,1.15303,1.15316,46.0
2026-08-03T15:51:00.000000,1.15316,1.15316,1.15306,1.1531,50.0
2026-08-03T15:52:00.000000,1.1531,1.15311,1.15299,1.15299,41.0
2026-08-03T15:53:00.000000,1.15299,1.15302,1.15296,1.15299,47.0
2026-08-03T15:54:00.000000,1.153,1.15305,1.1529,1.15304,44.0
2026-08-03T15:55:00.000000,1.15305,1.1531500000000001,1.15305,1.15314,31.0
2026-08-03T15:56:00.000000,1.1531,1.1531,1.153,1.153,46.0
2026-08-03T15:57:00.000000,1.15304,1.15309,1.15298,1.153,46.0
2026-08-03T15:58:00.000000,1.153,1.15302,1.15294,1.15295,30.0
2026-08-03T15:59:00.000000,1.15295,1.15303,1.15294,1.15297,32.0
2026-08-03T16:00:00.000000,1.15298,1.15305,1.15295,1.153,41.0
2026-08-03T16:01:00.000000,1.153,1.15307,1.15299,1.15304,36.0
2026-08-03T16:02:00.000000,1.15304,1.15305,1.15293,1.15299,54.0
2026-08-03T16:03:00.000000,1.15299,1.15319,1.15299,1.1531500000000001,61.0
2026-08-03T16:04:00.000000,1.1531500000000001,1.15332,1.15307,1.1533,58.0
2026-08-03T16:05:00.000000,1.1533,1.1533,1.15316,1.1532,51.0
2026-08-03T16:06:00.000000,1.15319,1.1532,1.1531,1.1531,37.0
2026-08-03T16:07:00.000000,1.15309,1.1531,1.1529,1.15292,43.0
2026-08-03T16:08:00.000000,1.15292,1.15292,1.15262,1.1526399999999999,80.0
2026-08-03T16:09:00.000000,1.1526399999999999,1.1528100000000001,1.15263,1.15279,43.0
2026-08-03T16:10:00.000000,1.15279,1.15284,1.15271,1.15273,71.0
2026-08-03T16:11:00.000000,1.15274,1.15274,1.15267,1.15267,36.0
2026-08-03T16:12:00.000000,1.15267,1.15271,1.15262,1.15263,69.0
2026-08-03T16:13:00.000000,1.15265,1.15265,1.1524,1.15249,91.0
2026-08-03T16:14:00.000000,1.15249,1.15251,1.15245,1.15245,50.0
2026-08-03T16:15:00.000000,1.15245,1.15251,1.15245,1.15246,41.0
2026-08-03T16:16:00.000000,1.15248,1.15249,1.15241,1.15241,64.0
2026-08-03T16:17:00.000000,1.15241,1.15244,1.15234,1.15243,74.0
2026-08-03T16:18:00.000000,1.15243,1.15248,1.1524,1.15248,64.0
2026-08-03T16:19:00.000000,1.1525,1.15252,1.1524,1.1524,73.0
2026-08-03T16:20:00.000000,1.1524,1.15256,1.15237,1.15253,80.0
2026-08-03T16:21:00.000000,1.15253,1.15261,1.15252,1.15259,59.0
2026-08-03T16:22:00.000000,1.15259,1.15259,1.15229,1.1522999999999999,65.0
2026-08-03T16:23:00.000000,1.1522999999999999,1.15263,1.15227,1.15262,96.0
2026-08-03T16:24:00.000000,1.15261,1.15271,1.15251,1.15265,102.0
2026-08-03T16:25:00.000000,1.15267,1.15269,1.15255,1.1526399999999999,69.0
2026-08-03T16:26:00.000000,1.15265,1.15268,1.15261,1.1526399999999999,66.0
2026-08-03T16:27:00.000000,1.15263,1.15273,1.15262,1.15273,51.0
2026-08-03T16:28:00.000000,1.15273,1.15288,1.15272,1.15285,64.0
2026-08-03T16:29:00.000000,1.15285,1.1529,1.15274,1.1528100000000001,85.0
2026-08-03T16:30:00.000000,1.1528100000000001,1.15301,1.1528100000000001,1.1529,143.0
2026-08-03T16:31:00.000000,1.1529,1.15304,1.1529,1.153,122.0
2026-08-03T16:32:00.000000,1.15301,1.15302,1.15289,1.15293,76.0
2026-08-03T16:33:00.000000,1.15293,1.15301,1.15289,1.15299,88.0
2026-08-03T16:34:00.000000,1.15299,1.15311,1.15296,1.15311,56.0
2026-08-03T16:35:00.000000,1.15311,1.15321,1.15306,1.15307,83.0
2026-08-03T16:36:00.000000,1.15307,1.15316,1.15301,1.15301,76.0
2026-08-03T16:37:00.000000,1.15301,1.15301,1.15284,1.1529099999999999,64.0
2026-08-03T16:38:00.000000,1.1529099999999999,1.15307,1.15286,1.15302,78.0
2026-08-03T16:39:00.000000,1.153,1.15312,1.15299,1.1531,35.0
2026-08-03T16:40:00.000000,1.15311,1.15316,1.15307,1.15314,45.0
2026-08-03T16:41:00.000000,1.15312,1.15337,1.15311,1.15337,86.0
2026-08-03T16:42:00.000000,1.15337,1.15337,1.15305,1.15305,53.0
2026-08-03T16:43:00.000000,1.15301,1.1531,1.1529,1.15295,58.0
2026-08-03T16:44:00.000000,1.15295,1.153,1.1529,1.15295,62.0
2026-08-03T16:45:00.000000,1.15295,1.153,1.15286,1.15294,45.0
2026-08-03T16:46:00.000000,1.15295,1.15295,1.1528,1.1529,57.0
2026-08-03T16:47:00.000000,1.1529,1.1529099999999999,1.1526399999999999,1.15274,96.0
2026-08-03T16:48:00.000000,1.15273,1.15283,1.15272,1.1528,68.0
2026-08-03T16:49:00.000000,1.1528100000000001,1.15285,1.15274,1.15275,91.0
2026-08-03T16:50:00.000000,1.15275,1.15306,1.15275,1.15293,193.0
2026-08-03T16:51:00.000000,1.15294,1.15296,1.15272,1.15275,68.0
2026-08-03T16:52:00.000000,1.15275,1.15276,1.1525400000000001,1.15265,84.0
2026-08-03T16:53:00.000000,1.1526399999999999,1.15266,1.15249,1.15259,101.0
2026-08-03T16:54:00.000000,1.15259,1.15261,1.15253,1.15261,69.0
2026-08-03T16:55:00.000000,1.15261,1.15267,1.1525,1.15253,84.0
2026-08-03T16:56:00.000000,1.15253,1.1526399999999999,1.15248,1.1526399999999999,58.0
2026-08-03T16:57:00.000000,1.1526399999999999,1.15276,1.1526399999999999,1.15272,71.0
2026-08-03T16:58:00.000000,1.15272,1.15285,1.15271,1.15284,53.0
2026-08-03T16:59:00.000000,1.15284,1.15316,1.15284,1.15316,96.0
2026-08-03T17:00:00.000000,1.1531500000000001,1.15322,1.15303,1.15318,111.0
2026-08-03T17:01:00.000000,1.15319,1.15351,1.15313,1.1535,123.0
2026-08-03T17:02:00.000000,1.1535,1.15351,1.1532499999999999,1.15331,119.0
2026-08-03T17:03:00.000000,1.15331,1.15339,1.15308,1.15318,112.0
2026-08-03T17:04:00.000000,1.15318,1.1532,1.15298,1.15302,112.0
2026-08-03T17:05:00.000000,1.15302,1.1531500000000001,1.15295,1.15296,146.0
2026-08-03T17:06:00.000000,1.15297,1.15297,1.15274,1.15274,94.0
2026-08-03T17:07:00.000000,1.15274,1.15285,1.15273,1.15275,91.0
2026-08-03T17:08:00.000000,1.15276,1.15279,1.15258,1.1526,135.0
2026-08-03T17:09:00.000000,1.1526,1.15272,1.15255,1.15266,101.0
2026-08-03T17:10:00.000000,1.15265,1.1527,1.15255,1.15269,89.0
2026-08-03T17:11:00.000000,1.15269,1.15278,1.15267,1.15278,43.0
2026-08-03T17:12:00.000000,1.15274,1.15287,1.15273,1.15278,60.0
2026-08-03T17:13:00.000000,1.15278,1.15292,1.15278,1.15292,62.0
2026-08-03T17:14:00.000000,1.15292,1.15293,1.15273,1.15274,46.0
2026-08-03T17:15:00.000000,1.15275,1.15295,1.15271,1.15295,35.0
2026-08-03T17:16:00.000000,1.15295,1.15306,1.1529,1.15295,67.0
2026-08-03T17:17:00.000000,1.15295,1.15303,1.15279,1.1528,81.0
2026-08-03T17:18:00.000000,1.1528100000000001,1.1529,1.1526,1.1526,83.0
2026-08-03T17:19:00.000000,1.1526,1.15276,1.15257,1.15268,106.0
2026-08-03T17:20:00.000000,1.15266,1.15272,1.1525400000000001,1.15263,113.0
2026-08-03T17:21:00.000000,1.15263,1.15278,1.15257,1.15274,68.0
2026-08-03T17:22:00.000000,1.15274,1.15285,1.15272,1.15279,78.0
2026-08-03T17:23:00.000000,1.1528,1.1528100000000001,1.15249,1.15251,105.0
2026-08-03T17:24:00.000000,1.1525,1.15259,1.15246,1.15255,102.0
2026-08-03T17:25:00.000000,1.1525400000000001,1.15258,1.15239,1.15239,101.0
2026-08-03T17:26:00.000000,1.15236,1.1524,1.15218,1.15223,110.0
2026-08-03T17:27:00.000000,1.15223,1.15241,1.15222,1.15239,75.0
2026-08-03T17:28:00.000000,1.15239,1.15266,1.15239,1.15259,78.0
2026-08-03T17:29:00.000000,1.15259,1.15279,1.15259,1.15278,84.0
2026-08-03T17:30:00.000000,1.15278,1.15278,1.15214,1.15222,138.0
2026-08-03T17:31:00.000000,1.15223,1.15243,1.15221,1.1524,88.0
2026-08-03T17:32:00.000000,1.1524,1.15274,1.15239,1.15266,69.0
2026-08-03T17:33:00.000000,1.15266,1.15274,1.15227,1.15228,109.0
2026-08-03T17:34:00.000000,1.15228,1.15228,1.15202,1.15216,109.0
2026-08-03T17:35:00.000000,1.15216,1.15228,1.15211,1.15228,79.0
2026-08-03T17:36:00.000000,1.15227,1.15237,1.15216,1.15235,103.0
2026-08-03T17:37:00.000000,1.15236,1.15247,1.15228,1.15244,103.0
2026-08-03T17:38:00.000000,1.15244,1.15245,1.1522999999999999,1.15231,101.0
2026-08-03T17:39:00.000000,1.15232,1.15236,1.15189,1.1519,98.0
2026-08-03T17:40:00.000000,1.15187,1.15208,1.15185,1.15199,109.0
2026-08-03T17:41:00.000000,1.15198,1.15198,1.15177,1.15185,91.0
2026-08-03T17:42:00.000000,1.15185,1.15188,1.15175,1.15181,96.0
2026-08-03T17:43:00.000000,1.1518,1.15191,1.1517,1.15183,109.0
2026-08-03T17:44:00.000000,1.15183,1.15184,1.15163,1.15163,88.0
2026-08-03T17:45:00.000000,1.15163,1.15187,1.15163,1.15187,119.0
2026-08-03T17:46:00.000000,1.15188,1.15232,1.15188,1.15197,208.0
2026-08-03T17:47:00.000000,1.15195,1.1520299999999999,1.15174,1.15175,90.0
2026-08-03T17:48:00.000000,1.15176,1.15188,1.15176,1.15181,84.0
2026-08-03T17:49:00.000000,1.15181,1.15181,1.15161,1.15164,73.0
2026-08-03T17:50:00.000000,1.15164,1.15192,1.15163,1.15191,66.0
2026-08-03T17:51:00.000000,1.15191,1.152,1.15173,1.1519,105.0
2026-08-03T17:52:00.000000,1.1519,1.15192,1.15171,1.15176,89.0
2026-08-03T17:53:00.000000,1.15176,1.1518,1.15172,1.15175,77.0
2026-08-03T17:54:00.000000,1.15176,1.15209,1.15176,1.15189,101.0
2026-08-03T17:55:00.000000,1.15189,1.15192,1.15179,1.15185,52.0
2026-08-03T17:56:00.000000,1.15185,1.15195,1.15182,1.15188,78.0
2026-08-03T17:57:00.000000,1.15188,1.15195,1.15177,1.15189,88.0
2026-08-03T17:58:00.000000,1.15189,1.15191,1.15176,1.15183,77.0
2026-08-03T17:59:00.000000,1.15183,1.15188,1.15146,1.15153,91.0
2026-08-03T18:00:00.000000,1.15152,1.1515900000000001,1.15145,1.15149,117.0
2026-08-03T18:01:00.000000,1.15149,1.1515900000000001,1.15147,1.1515,87.0
2026-08-03T18:02:00.000000,1.15149,1.15156,1.15148,1.15155,59.0
2026-08-03T18:03:00.000000,1.15155,1.15176,1.15155,1.15157,84.0
2026-08-03T18:04:00.000000,1.15157,1.1517,1.15154,1.1517,63.0
2026-08-03T18:05:00.000000,1.1517,1.15179,1.15163,1.1517,63.0
2026-08-03T18:06:00.000000,1.1517,1.1517,1.15155,1.15164,63.0
2026-08-03T18:07:00.000000,1.15163,1.15179,1.1516,1.1517,86.0
2026-08-03T18:08:00.000000,1.1517,1.15171,1.15164,1.15164,57.0
2026-08-03T18:09:00.000000,1.15164,1.15166,1.15145,1.15151,72.0
2026-08-03T18:10:00.000000,1.15151,1.15153,1.15139,1.15144,101.0
2026-08-03T18:11:00.000000,1.15144,1.15149,1.15129,1.15135,82.0
2026-08-03T18:12:00.000000,1.15135,1.15137,1.15121,1.15125,95.0
2026-08-03T18:13:00.000000,1.15125,1.15125,1.15101,1.15111,93.0
2026-08-03T18:14:00.000000,1.15111,1.15137,1.15102,1.15137,94.0
2026-08-03T18:15:00.000000,1.15137,1.15138,1.15114,1.15134,121.0
2026-08-03T18:16:00.000000,1.15133,1.15137,1.15127,1.15134,94.0
2026-08-03T18:17:00.000000,1.15137,1.15137,1.15118,1.1512,83.0
2026-08-03T18:18:00.000000,1.1512,1.15144,1.1512,1.1514,96.0
2026-08-03T18:19:00.000000,1.15139,1.1514199999999999,1.1513,1.15135,89.0
2026-08-03T18:20:00.000000,1.15135,1.15162,1.15135,1.15146,85.0
2026-08-03T18:21:00.000000,1.15146,1.15149,1.15122,1.15123,88.0
2026-08-03T18:22:00.000000,1.15124,1.1513,1.1512,1.15121,92.0
2026-08-03T18:23:00.000000,1.15121,1.1513,1.15112,1.15129,89.0
2026-08-03T18:24:00.000000,1.15128,1.15135,1.1512,1.15134,83.0
2026-08-03T18:25:00.000000,1.15134,1.1514,1.15129,1.15134,79.0
2026-08-03T18:26:00.000000,1.15134,1.15139,1.15122,1.15128,108.0
2026-08-03T18:27:00.000000,1.15128,1.15147,1.15127,1.1514,123.0
2026-08-03T18:28:00.000000,1.15141,1.1515900000000001,1.15141,1.15155,119.0
2026-08-03T18:29:00.000000,1.15152,1.15155,1.15134,1.1514,69.0
2026-08-03T18:30:00.000000,1.1514,1.1514199999999999,1.1512,1.15125,93.0
2026-08-03T18:31:00.000000,1.15125,1.15125,1.15111,1.15114,80.0
2026-08-03T18:32:00.000000,1.15114,1.15125,1.15106,1.1512,109.0
2026-08-03T18:33:00.000000,1.1512,1.15121,1.15079,1.15086,96.0
2026-08-03T18:34:00.000000,1.15086,1.15092,1.15076,1.1508099999999999,80.0
2026-08-03T18:35:00.000000,1.15079,1.15105,1.15079,1.15096,103.0
2026-08-03T18:36:00.000000,1.15096,1.1509800000000001,1.15088,1.1509,124.0
2026-08-03T18:37:00.000000,1.1509,1.15112,1.15089,1.15109,98.0
2026-08-03T18:38:00.000000,1.15109,1.15109,1.15095,1.15096,73.0
2026-08-03T18:39:00.000000,1.15096,1.15096,1.15052,1.15059,126.0
2026-08-03T18:40:00.000000,1.15058,1.15067,1.15035,1.15039,102.0
2026-08-03T18:41:00.000000,1.15039,1.15051,1.15024,1.1504,107.0
2026-08-03T18:42:00.000000,1.1504,1.15042,1.15024,1.15039,97.0
2026-08-03T18:43:00.000000,1.15038,1.15041,1.15029,1.15033,67.0
2026-08-03T18:44:00.000000,1.15034,1.15041,1.15029,1.15033,73.0
2026-08-03T18:45:00.000000,1.15033,1.15045,1.1503,1.15033,79.0
2026-08-03T18:46:00.000000,1.15033,1.15052,1.15032,1.1505,70.0
2026-08-03T18:47:00.000000,1.1505,1.1505,1.15032,1.15034,73.0
2026-08-03T18:48:00.000000,1.15034,1.15046,1.15029,1.15044,67.0
2026-08-03T18:49:00.000000,1.15044,1.15051,1.15042,1.15051,45.0
2026-08-03T18:50:00.000000,1.15051,1.15057,1.15041,1.1505,76.0
2026-08-03T18:51:00.000000,1.15049,1.15051,1.15043,1.15044,46.0
2026-08-03T18:52:00.000000,1.15045,1.15049,1.15043,1.15046,45.0
2026-08-03T18:53:00.000000,1.1504699999999999,1.15064,1.15044,1.15059,44.0
2026-08-03T18:54:00.000000,1.15059,1.1507100000000001,1.15058,1.15064,54.0
2026-08-03T18:55:00.000000,1.15062,1.15066,1.1504699999999999,1.15057,71.0
2026-08-03T18:56:00.000000,1.15046,1.15061,1.15041,1.15053,118.0
2026-08-03T18:57:00.000000,1.15052,1.15056,1.1505,1.15053,48.0
2026-08-03T18:58:00.000000,1.15051,1.15051,1.15038,1.15042,92.0
2026-08-03T18:59:00.000000,1.15043,1.15049,1.15029,1.15041,56.0
2026-08-03T19:00:00.000000,1.15041,1.15045,1.1503,1.15033,98.0
2026-08-03T19:01:00.000000,1.15032,1.15042,1.15021,1.15023,116.0
2026-08-03T19:02:00.000000,1.15013,1.15039,1.15004,1.15028,114.0
2026-08-03T19:03:00.000000,1.15028,1.15036,1.15027,1.15034,43.0
2026-08-03T19:04:00.000000,1.15034,1.15056,1.15028,1.1504699999999999,93.0
2026-08-03T19:05:00.000000,1.15048,1.15059,1.15038,1.15043,79.0
2026-08-03T19:06:00.000000,1.15041,1.15041,1.15008,1.15032,130.0
2026-08-03T19:07:00.000000,1.15032,1.15041,1.15022,1.15023,70.0
2026-08-03T19:08:00.000000,1.15024,1.15052,1.15024,1.15052,57.0
2026-08-03T19:09:00.000000,1.15048,1.15049,1.15033,1.15039,39.0
2026-08-03T19:10:00.000000,1.15039,1.15043,1.15035,1.15043,47.0
2026-08-03T19:11:00.000000,1.15043,1.15044,1.15029,1.15036,37.0
2026-08-03T19:12:00.000000,1.15036,1.15052,1.15035,1.15048,81.0
2026-08-03T19:13:00.000000,1.15048,1.15048,1.15032,1.15044,65.0
2026-08-03T19:14:00.000000,1.15044,1.15045,1.15033,1.15035,49.0
2026-08-03T19:15:00.000000,1.15034,1.15053,1.15034,1.15046,64.0
2026-08-03T19:16:00.000000,1.15046,1.15055,1.15033,1.15045,68.0
2026-08-03T19:17:00.000000,1.15045,1.15052,1.15043,1.15049,58.0
2026-08-03T19:18:00.000000,1.15048,1.15056,1.15039,1.15054,66.0
2026-08-03T19:19:00.000000,1.15054,1.15057,1.15036,1.15048,81.0
2026-08-03T19:20:00.000000,1.15049,1.15053,1.15043,1.15053,50.0
2026-08-03T19:21:00.000000,1.15053,1.15065,1.1505,1.15059,65.0
2026-08-03T19:22:00.000000,1.15058,1.15061,1.15053,1.15058,46.0
2026-08-03T19:23:00.000000,1.15056,1.15072,1.15056,1.15064,80.0
2026-08-03T19:24:00.000000,1.15063,1.15078,1.15063,1.15076,47.0
2026-08-03T19:25:00.000000,1.15077,1.1508,1.1507,1.15079,53.0
2026-08-03T19:26:00.000000,1.15079,1.15089,1.15074,1.15086,52.0
2026-08-03T19:27:00.000000,1.15086,1.15094,1.15084,1.15094,43.0
2026-08-03T19:28:00.000000,1.15092,1.15096,1.1509,1.15094,44.0
2026-08-03T19:29:00.000000,1.15094,1.15096,1.15088,1.15096,34.0
2026-08-03T19:30:00.000000,1.15097,1.151,1.1509,1.15092,94.0
2026-08-03T19:31:00.000000,1.15092,1.15096,1.15088,1.15094,47.0
2026-08-03T19:32:00.000000,1.15094,1.15104,1.15089,1.15104,49.0
2026-08-03T19:33:00.000000,1.15104,1.15104,1.15091,1.15094,41.0
2026-08-03T19:34:00.000000,1.15094,1.15095,1.15084,1.15091,55.0
2026-08-03T19:35:00.000000,1.15091,1.15096,1.15089,1.15094,31.0
2026-08-03T19:36:00.000000,1.15091,1.15099,1.1509,1.15092,38.0
2026-08-03T19:37:00.000000,1.15092,1.15092,1.15062,1.15063,65.0
2026-08-03T19:38:00.000000,1.15063,1.15065,1.15059,1.15065,41.0
2026-08-03T19:39:00.000000,1.15064,1.1509,1.15061,1.15089,68.0
2026-08-03T19:40:00.000000,1.15089,1.15101,1.15089,1.1509800000000001,53.0
2026-08-03T19:41:00.000000,1.1509800000000001,1.15104,1.15085,1.15103,64.0
2026-08-03T19:42:00.000000,1.15103,1.15105,1.15083,1.15093,75.0
2026-08-03T19:43:00.000000,1.15093,1.1509800000000001,1.15077,1.1508,77.0
2026-08-03T19:44:00.000000,1.1508,1.15084,1.15073,1.15082,67.0
2026-08-03T19:45:00.000000,1.15082,1.15083,1.15062,1.15069,58.0
2026-08-03T19:46:00.000000,1.15069,1.1507,1.15059,1.1506,35.0
2026-08-03T19:47:00.000000,1.15061,1.15088,1.15057,1.15065,137.0
2026-08-03T19:48:00.000000,1.15064,1.15064,1.15053,1.15055,44.0
2026-08-03T19:49:00.000000,1.15055,1.15059,1.1504699999999999,1.15055,47.0
2026-08-03T19:50:00.000000,1.15055,1.15077,1.15055,1.15076,45.0
2026-08-03T19:51:00.000000,1.15076,1.15076,1.15059,1.15063,48.0
2026-08-03T19:52:00.000000,1.15063,1.15065,1.15062,1.15065,33.0
2026-08-03T19:53:00.000000,1.15064,1.15065,1.15058,1.15062,27.0
2026-08-03T19:54:00.000000,1.15062,1.1507100000000001,1.15062,1.1507100000000001,33.0
2026-08-03T19:55:00.000000,1.1507100000000001,1.15082,1.1507,1.1508099999999999,33.0
2026-08-03T19:56:00.000000,1.15083,1.15089,1.15061,1.15072,99.0
2026-08-03T19:57:00.000000,1.15072,1.15074,1.15065,1.15066,46.0
2026-08-03T19:58:00.000000,1.15065,1.15066,1.15059,1.15064,50.0
2026-08-03T19:59:00.000000,1.15064,1.15066,1.15056,1.15056,29.0
2026-08-03T20:00:00.000000,1.15056,1.15061,1.15053,1.15059,58.0
2026-08-03T20:01:00.000000,1.15058,1.15068,1.15058,1.15064,37.0
2026-08-03T20:02:00.000000,1.15063,1.1507100000000001,1.15044,1.15051,95.0
2026-08-03T20:03:00.000000,1.15051,1.15066,1.1505,1.15064,39.0
2026-08-03T20:04:00.000000,1.15063,1.1507100000000001,1.15059,1.15065,33.0
2026-08-03T20:05:00.000000,1.15064,1.15064,1.15059,1.15064,40.0
2026-08-03T20:06:00.000000,1.15064,1.1507100000000001,1.15058,1.15059,43.0
2026-08-03T20:07:00.000000,1.15059,1.15061,1.15058,1.15058,22.0
2026-08-03T20:08:00.000000,1.15059,1.15065,1.15058,1.15065,29.0
2026-08-03T20:09:00.000000,1.15065,1.15074,1.15063,1.15074,28.0
2026-08-03T20:10:00.000000,1.15074,1.1508,1.15074,1.15079,41.0
2026-08-03T20:11:00.000000,1.15079,1.1508099999999999,1.15077,1.15079,30.0
2026-08-03T20:12:00.000000,1.15079,1.1508,1.15072,1.15075,36.0
2026-08-03T20:13:00.000000,1.15076,1.15077,1.15065,1.15074,49.0
2026-08-03T20:14:00.000000,1.15074,1.15075,1.1507,1.1507100000000001,37.0
2026-08-03T20:15:00.000000,1.1507100000000001,1.15075,1.15062,1.15069,31.0
2026-08-03T20:16:00.000000,1.15069,1.1507,1.15061,1.15063,38.0
2026-08-03T20:17:00.000000,1.15063,1.15065,1.15058,1.15059,29.0
2026-08-03T20:18:00.000000,1.15059,1.15059,1.15053,1.15055,40.0
2026-08-03T20:19:00.000000,1.15055,1.15059,1.15051,1.15059,38.0
2026-08-03T20:20:00.000000,1.15059,1.15069,1.15053,1.15066,56.0
2026-08-03T20:21:00.000000,1.15065,1.15079,1.15061,1.15074,40.0
2026-08-03T20:22:00.000000,1.15074,1.15074,1.15066,1.15066,20.0
2026-08-03T20:23:00.000000,1.15067,1.1507,1.15063,1.15069,34.0
2026-08-03T20:24:00.000000,1.15069,1.15074,1.15069,1.15074,19.0
2026-08-03T20:25:00.000000,1.15073,1.15084,1.15066,1.15079,43.0
2026-08-03T20:26:00.000000,1.1508,1.15085,1.15079,1.1508099999999999,26.0
2026-08-03T20:27:00.000000,1.1508099999999999,1.15084,1.15078,1.1508,40.0
2026-08-03T20:28:00.000000,1.1508,1.1508,1.15073,1.15078,31.0
2026-08-03T20:29:00.000000,1.15078,1.15078,1.15061,1.15068,31.0
2026-08-03T20:30:00.000000,1.15068,1.15069,1.15049,1.15051,64.0
2026-08-03T20:31:00.000000,1.15051,1.15051,1.15041,1.15043,49.0
2026-08-03T20:32:00.000000,1.15043,1.15046,1.1504,1.15044,45.0
2026-08-03T20:33:00.000000,1.15044,1.1504699999999999,1.1504,1.15045,33.0
2026-08-03T20:34:00.000000,1.15045,1.1504699999999999,1.15041,1.15045,30.0
2026-08-03T20:35:00.000000,1.15045,1.15053,1.15044,1.15046,33.0
2026-08-03T20:36:00.000000,1.15045,1.15056,1.15041,1.15051,46.0
2026-08-03T20:37:00.000000,1.15051,1.15051,1.15042,1.15043,49.0
2026-08-03T20:38:00.000000,1.15043,1.15043,1.15039,1.1504,27.0
2026-08-03T20:39:00.000000,1.1504,1.15041,1.15036,1.1503700000000001,55.0
2026-08-03T20:40:00.000000,1.1503700000000001,1.15041,1.15031,1.15038,34.0
2026-08-03T20:41:00.000000,1.15038,1.15041,1.15035,1.15035,26.0
2026-08-03T20:42:00.000000,1.15035,1.15041,1.15034,1.15039,25.0
2026-08-03T20:43:00.000000,1.15039,1.1504,1.15034,1.15038,25.0
2026-08-03T20:44:00.000000,1.15038,1.1504,1.15034,1.15038,31.0
2026-08-03T20:45:00.000000,1.15038,1.15038,1.1503,1.1503,37.0
2026-08-03T20:46:00.000000,1.1503,1.15036,1.1503,1.15035,19.0
2026-08-03T20:47:00.000000,1.15035,1.15035,1.15025,1.15028,36.0
2026-08-03T20:48:00.000000,1.15028,1.15031,1.1502,1.15031,33.0
2026-08-03T20:49:00.000000,1.15031,1.15033,1.15027,1.15028,31.0
2026-08-03T20:50:00.000000,1.15028,1.15033,1.15028,1.15032,23.0
2026-08-03T20:51:00.000000,1.15033,1.15033,1.1503,1.15033,26.0
2026-08-03T20:52:00.000000,1.15032,1.15036,1.15032,1.15035,23.0
2026-08-03T20:53:00.000000,1.15034,1.15038,1.15028,1.1503,28.0
2026-08-03T20:54:00.000000,1.1503,1.15033,1.15027,1.1503,41.0
2026-08-03T20:55:00.000000,1.15029,1.15033,1.15028,1.1503,34.0
2026-08-03T20:56:00.000000,1.15029,1.15034,1.15028,1.15029,36.0
2026-08-03T20:57:00.000000,1.15029,1.15033,1.15028,1.15028,44.0
2026-08-03T20:58:00.000000,1.15028,1.15034,1.15028,1.15032,22.0
2026-08-03T20:59:00.000000,1.15033,1.15038,1.15032,1.15035,28.0
2026-08-03T21:00:00.000000,1.15035,1.15044,1.15034,1.15038,61.0
2026-08-03T21:01:00.000000,1.15038,1.15043,1.15031,1.15043,50.0
2026-08-03T21:02:00.000000,1.15043,1.15044,1.1503700000000001,1.15038,43.0
2026-08-03T21:03:00.000000,1.15038,1.15048,1.15038,1.15048,25.0
2026-08-03T21:04:00.000000,1.15048,1.15048,1.15043,1.15044,23.0
2026-08-03T21:05:00.000000,1.15043,1.15045,1.1503700000000001,1.15044,28.0
2026-08-03T21:06:00.000000,1.15044,1.15046,1.15035,1.15035,20.0
2026-08-03T21:07:00.000000,1.15034,1.15035,1.15029,1.15029,18.0
2026-08-03T21:08:00.000000,1.15029,1.15034,1.15028,1.15032,17.0
2026-08-03T21:09:00.000000,1.15029,1.15034,1.15029,1.15033,27.0
2026-08-03T21:10:00.000000,1.15033,1.1504,1.15033,1.15039,30.0
2026-08-03T21:11:00.000000,1.15039,1.15041,1.1503700000000001,1.1503700000000001,28.0
2026-08-03T21:12:00.000000,1.15035,1.15038,1.15031,1.15035,20.0
2026-08-03T21:13:00.000000,1.15035,1.15039,1.15034,1.15036,26.0
2026-08-03T21:14:00.000000,1.1503700000000001,1.15043,1.1503700000000001,1.15038,20.0
2026-08-03T21:15:00.000000,1.15038,1.15054,1.15038,1.1505,38.0
2026-08-03T21:16:00.000000,1.15049,1.15049,1.15043,1.15049,27.0
2026-08-03T21:17:00.000000,1.15048,1.1506,1.15048,1.15059,24.0
2026-08-03T21:18:00.000000,1.15059,1.15059,1.15053,1.15058,31.0
2026-08-03T21:19:00.000000,1.15058,1.15058,1.15049,1.15049,23.0
2026-08-03T21:20:00.000000,1.15048,1.1505,1.1504,1.1504,22.0
2026-08-03T21:21:00.000000,1.1504,1.15043,1.1503700000000001,1.15043,27.0
2026-08-03T21:22:00.000000,1.15043,1.15043,1.1503,1.1503,26.0
2026-08-03T21:23:00.000000,1.1503,1.15034,1.15028,1.15029,31.0
2026-08-03T21:24:00.000000,1.15029,1.15032,1.15028,1.15031,20.0
2026-08-03T21:25:00.000000,1.15031,1.15035,1.15028,1.15029,33.0
2026-08-03T21:26:00.000000,1.15029,1.15029,1.15025,1.15026,19.0
2026-08-03T21:27:00.000000,1.15026,1.15026,1.15014,1.1502,38.0
2026-08-03T21:28:00.000000,1.15021,1.15022,1.15016,1.15018,37.0
2026-08-03T21:29:00.000000,1.15019,1.15021,1.15015,1.1502,38.0
2026-08-03T21:30:00.000000,1.15021,1.15023,1.15016,1.15023,59.0
2026-08-03T21:31:00.000000,1.15023,1.15026,1.15015,1.15025,43.0
2026-08-03T21:32:00.000000,1.15024,1.1503,1.1502,1.15029,78.0
2026-08-03T21:33:00.000000,1.15029,1.15029,1.15025,1.15025,41.0
2026-08-03T21:34:00.000000,1.15026,1.15029,1.15023,1.15026,37.0
2026-08-03T21:35:00.000000,1.15026,1.15034,1.15025,1.1503,40.0
2026-08-03T21:36:00.000000,1.1503,1.15036,1.1503,1.15031,33.0
2026-08-03T21:37:00.000000,1.15031,1.15035,1.1503,1.15034,26.0
2026-08-03T21:38:00.000000,1.15034,1.15041,1.15033,1.15041,41.0
2026-08-03T21:39:00.000000,1.1504,1.15056,1.1504,1.15056,41.0
2026-08-03T21:40:00.000000,1.15056,1.15065,1.1505,1.1505,42.0
2026-08-03T21:41:00.000000,1.15048,1.1505,1.15046,1.15046,36.0
2026-08-03T21:42:00.000000,1.15046,1.15051,1.15046,1.1505,19.0
2026-08-03T21:43:00.000000,1.1505,1.15054,1.15049,1.1505,31.0
2026-08-03T21:44:00.000000,1.15051,1.15054,1.15049,1.15051,19.0
2026-08-03T21:45:00.000000,1.15054,1.15064,1.15054,1.15064,31.0
2026-08-03T21:46:00.000000,1.15065,1.15076,1.15065,1.15075,29.0
2026-08-03T21:47:00.000000,1.15075,1.1508,1.15075,1.1508,23.0
2026-08-03T21:48:00.000000,1.15083,1.15096,1.15083,1.15095,30.0
2026-08-03T21:49:00.000000,1.15095,1.15097,1.15093,1.15095,34.0
2026-08-03T21:50:00.000000,1.15095,1.15097,1.15089,1.15095,30.0
2026-08-03T21:51:00.000000,1.15095,1.15102,1.15091,1.151,49.0
2026-08-03T21:52:00.000000,1.151,1.15101,1.15094,1.15096,29.0
2026-08-03T21:53:00.000000,1.15096,1.15096,1.15093,1.15095,38.0
2026-08-03T21:54:00.000000,1.15095,1.15096,1.15088,1.15089,37.0
2026-08-03T21:55:00.000000,1.15089,1.15091,1.15087,1.15091,20.0
2026-08-03T21:56:00.000000,1.1509,1.15101,1.15087,1.15099,29.0
2026-08-03T21:57:00.000000,1.15099,1.15101,1.15089,1.1509,48.0
2026-08-03T21:58:00.000000,1.1509,1.15099,1.15089,1.15093,33.0
2026-08-03T21:59:00.000000,1.15094,1.15095,1.15093,1.15095,11.0
2026-08-03T22:00:00.000000,1.15095,1.15101,1.15093,1.1509800000000001,20.0
2026-08-03T22:01:00.000000,1.15099,1.15105,1.15096,1.15103,42.0
2026-08-03T22:02:00.000000,1.15103,1.15103,1.1509800000000001,1.15099,29.0
2026-08-03T22:03:00.000000,1.15099,1.15101,1.1509800000000001,1.151,20.0
2026-08-03T22:04:00.000000,1.15102,1.15102,1.15094,1.15095,24.0
2026-08-03T22:05:00.000000,1.15095,1.151,1.15094,1.1509800000000001,40.0
2026-08-03T22:06:00.000000,1.1509800000000001,1.15099,1.15084,1.15089,24.0
2026-08-03T22:07:00.000000,1.15089,1.15091,1.15085,1.15089,22.0
2026-08-03T22:08:00.000000,1.15089,1.1509,1.15084,1.1509,27.0
2026-08-03T22:09:00.000000,1.1509,1.15094,1.15088,1.15089,24.0
2026-08-03T22:10:00.000000,1.15089,1.15091,1.15089,1.1509,16.0
2026-08-03T22:11:00.000000,1.15089,1.15095,1.15088,1.15095,19.0
2026-08-03T22:12:00.000000,1.1509800000000001,1.15111,1.15095,1.15111,51.0
2026-08-03T22:13:00.000000,1.15111,1.15119,1.1510799999999999,1.15118,47.0
2026-08-03T22:14:00.000000,1.15118,1.15122,1.15113,1.15119,43.0
2026-08-03T22:15:00.000000,1.15118,1.15121,1.15113,1.1512,22.0
2026-08-03T22:16:00.000000,1.15121,1.15123,1.15112,1.15115,42.0
2026-08-03T22:17:00.000000,1.15115,1.1512,1.15114,1.15115,24.0
2026-08-03T22:18:00.000000,1.15116,1.1512,1.15116,1.1512,31.0
2026-08-03T22:19:00.000000,1.1512,1.1513,1.15119,1.15129,41.0
2026-08-03T22:20:00.000000,1.1513,1.15133,1.15125,1.1513,39.0
2026-08-03T22:21:00.000000,1.1513,1.15136,1.1513,1.15135,27.0
2026-08-03T22:22:00.000000,1.15134,1.15145,1.15134,1.1514199999999999,42.0
2026-08-03T22:23:00.000000,1.1514199999999999,1.15145,1.15136,1.15136,40.0
2026-08-03T22:24:00.000000,1.15136,1.15141,1.15136,1.15141,18.0
2026-08-03T22:25:00.000000,1.15141,1.15145,1.15139,1.1514,25.0
2026-08-03T22:26:00.000000,1.1514,1.1514,1.15126,1.15137,36.0
2026-08-03T22:27:00.000000,1.15137,1.15147,1.15134,1.15143,63.0
2026-08-03T22:28:00.000000,1.15143,1.15146,1.15139,1.15141,35.0
2026-08-03T22:29:00.000000,1.1514,1.15146,1.15135,1.15136,70.0
2026-08-03T22:30:00.000000,1.15136,1.15143,1.1513,1.1514,74.0
2026-08-03T22:31:00.000000,1.1514,1.15146,1.15136,1.1514,53.0
2026-08-03T22:32:00.000000,1.15139,1.15145,1.15134,1.15136,45.0
2026-08-03T22:33:00.000000,1.15136,1.1514,1.1513200000000001,1.1514,40.0
2026-08-03T22:34:00.000000,1.1514,1.15146,1.15139,1.15145,38.0
2026-08-03T22:35:00.000000,1.15146,1.15147,1.15144,1.15146,17.0
2026-08-03T22:36:00.000000,1.15146,1.15146,1.15141,1.15141,20.0
2026-08-03T22:37:00.000000,1.15141,1.15143,1.15135,1.15135,21.0
2026-08-03T22:38:00.000000,1.15135,1.15139,1.15128,1.15138,44.0
2026-08-03T22:39:00.000000,1.15139,1.1514,1.15133,1.15135,34.0
2026-08-03T22:40:00.000000,1.15135,1.15135,1.15129,1.15135,38.0
2026-08-03T22:41:00.000000,1.15135,1.15137,1.15134,1.15136,8.0
2026-08-03T22:42:00.000000,1.15136,1.15141,1.15135,1.15136,26.0
2026-08-03T22:43:00.000000,1.15135,1.15137,1.15133,1.15136,12.0
2026-08-03T22:44:00.000000,1.15135,1.15137,1.1513,1.15136,22.0
2026-08-03T22:45:00.000000,1.15136,1.15136,1.1513,1.15134,33.0
2026-08-03T22:46:00.000000,1.15134,1.1514,1.15133,1.15134,30.0
2026-08-03T22:47:00.000000,1.15134,1.15137,1.15133,1.15134,18.0
2026-08-03T22:48:00.000000,1.1513200000000001,1.15134,1.15129,1.15129,19.0
2026-08-03T22:49:00.000000,1.15129,1.1513,1.15123,1.15126,18.0
2026-08-03T22:50:00.000000,1.15126,1.15133,1.15124,1.15128,36.0
2026-08-03T22:51:00.000000,1.15129,1.1513,1.15125,1.1513,20.0
2026-08-03T22:52:00.000000,1.1513,1.1513200000000001,1.15123,1.15123,27.0
2026-08-03T22:53:00.000000,1.15123,1.1513,1.15123,1.1513,20.0
2026-08-03T22:54:00.000000,1.1513,1.15131,1.15128,1.15131,10.0
2026-08-03T22:55:00.000000,1.15131,1.15135,1.15128,1.15131,29.0
2026-08-03T22:56:00.000000,1.15131,1.1513200000000001,1.15128,1.15128,12.0
2026-08-03T22:57:00.000000,1.15128,1.15133,1.15125,1.15131,25.0
2026-08-03T22:58:00.000000,1.15131,1.15134,1.15129,1.15131,20.0
2026-08-03T22:59:00.000000,1.15131,1.15131,1.15123,1.15124,32.0
2026-08-03T23:00:00.000000,1.15123,1.15125,1.15118,1.15118,37.0
2026-08-03T23:01:00.000000,1.15119,1.1512,1.15118,1.1512,12.0
2026-08-03T23:02:00.000000,1.1512,1.1512,1.15109,1.15117,27.0
2026-08-03T23:03:00.000000,1.15116,1.15124,1.15116,1.15122,14.0
2026-08-03T23:04:00.000000,1.15122,1.15124,1.15119,1.15123,33.0
2026-08-03T23:05:00.000000,1.15123,1.15129,1.15123,1.15129,19.0
2026-08-03T23:06:00.000000,1.15128,1.15129,1.15121,1.15123,15.0
2026-08-03T23:07:00.000000,1.15123,1.15126,1.15123,1.15125,15.0
2026-08-03T23:08:00.000000,1.15125,1.15125,1.15119,1.1512,18.0
2026-08-03T23:09:00.000000,1.1512,1.15124,1.1512,1.15121,13.0
2026-08-03T23:10:00.000000,1.15121,1.15129,1.1512,1.15126,27.0
2026-08-03T23:11:00.000000,1.15128,1.1513,1.15119,1.15119,42.0
2026-08-03T23:12:00.000000,1.15119,1.15123,1.15119,1.15123,19.0
2026-08-03T23:13:00.000000,1.15122,1.15124,1.1512,1.15122,26.0
2026-08-03T23:14:00.000000,1.15122,1.1513,1.15122,1.15126,31.0
2026-08-03T23:15:00.000000,1.15125,1.15125,1.15121,1.15121,11.0
2026-08-03T23:16:00.000000,1.15121,1.15121,1.15115,1.15116,25.0
2026-08-03T23:17:00.000000,1.15116,1.15123,1.15115,1.15122,24.0
2026-08-03T23:18:00.000000,1.15122,1.15126,1.15121,1.15126,16.0
2026-08-03T23:19:00.000000,1.15126,1.15128,1.15124,1.15128,25.0
2026-08-03T23:20:00.000000,1.15129,1.15129,1.15124,1.15124,16.0
2026-08-03T23:21:00.000000,1.15124,1.15125,1.15123,1.15124,19.0
2026-08-03T23:22:00.000000,1.15124,1.15125,1.1512,1.1512,7.0
2026-08-03T23:23:00.000000,1.1512,1.15121,1.15118,1.15118,17.0
2026-08-03T23:24:00.000000,1.15118,1.15119,1.15117,1.15118,15.0
2026-08-03T23:25:00.000000,1.15118,1.15119,1.1510799999999999,1.15111,46.0
2026-08-03T23:26:00.000000,1.1511,1.15112,1.1510799999999999,1.1511,41.0
2026-08-03T23:27:00.000000,1.1511,1.15113,1.15099,1.15105,49.0
2026-08-03T23:28:00.000000,1.15105,1.15105,1.15094,1.15099,33.0
2026-08-03T23:29:00.000000,1.15099,1.15105,1.1509800000000001,1.15103,51.0
2026-08-03T23:30:00.000000,1.15103,1.15103,1.1509800000000001,1.151,34.0
2026-08-03T23:31:00.000000,1.151,1.151,1.15092,1.1509800000000001,33.0
2026-08-03T23:32:00.000000,1.1509800000000001,1.1510799999999999,1.1509800000000001,1.15106,34.0
2026-08-03T23:33:00.000000,1.15106,1.15107,1.15099,1.15104,19.0
2026-08-03T23:34:00.000000,1.15104,1.1510799999999999,1.15104,1.15104,17.0
2026-08-03T23:35:00.000000,1.15104,1.15105,1.15097,1.1509800000000001,27.0
2026-08-03T23:36:00.000000,1.1509800000000001,1.15099,1.1509800000000001,1.15099,14.0
2026-08-03T23:37:00.000000,1.15099,1.15104,1.1509800000000001,1.15103,23.0
2026-08-03T23:38:00.000000,1.15103,1.15103,1.15094,1.15094,16.0
2026-08-03T23:39:00.000000,1.15093,1.15094,1.15093,1.15094,6.0
2026-08-03T23:40:00.000000,1.15095,1.15101,1.15094,1.15099,17.0
2026-08-03T23:41:00.000000,1.15099,1.151,1.1507,1.15079,29.0
2026-08-03T23:42:00.000000,1.1508099999999999,1.1509,1.15079,1.1509,22.0
2026-08-03T23:43:00.000000,1.1509,1.1509,1.15089,1.1509,5.0
2026-08-03T23:44:00.000000,1.15089,1.15093,1.15075,1.15075,41.0
2026-08-03T23:45:00.000000,1.15076,1.15076,1.15063,1.15068,24.0
2026-08-03T23:46:00.000000,1.15069,1.15072,1.15068,1.15068,13.0
2026-08-03T23:47:00.000000,1.1507100000000001,1.15072,1.1507,1.1507100000000001,11.0
2026-08-03T23:48:00.000000,1.1507100000000001,1.1507100000000001,1.15069,1.1507,7.0
2026-08-03T23:49:00.000000,1.1507100000000001,1.15076,1.15069,1.15074,9.0
2026-08-03T23:50:00.000000,1.15074,1.15077,1.15073,1.15074,12.0
2026-08-03T23:51:00.000000,1.15074,1.15074,1.15073,1.15074,5.0
2026-08-03T23:52:00.000000,1.15074,1.15076,1.15074,1.15074,4.0
2026-08-03T23:53:00.000000,1.15074,1.15075,1.15074,1.15074,5.0
2026-08-03T23:54:00.000000,1.15074,1.15092,1.15068,1.15092,22.0
2026-08-03T23:55:00.000000,1.15092,1.15092,1.15075,1.15075,18.0
2026-08-03T23:56:00.000000,1.15075,1.15079,1.15073,1.15079,18.0
2026-08-03T23:57:00.000000,1.15078,1.15078,1.15072,1.15072,18.0
2026-08-03T23:58:00.000000,1.15069,1.1507100000000001,1.15068,1.1507,15.0
2026-08-03T23:59:00.000000,1.1507,1.15074,1.15063,1.15074,26.0
2026-08-04T00:00:00.000000,1.15074,1.15086,1.1507100000000001,1.15085,23.0
2026-08-04T00:01:00.000000,1.15085,1.1509,1.15085,1.15089,15.0
2026-08-04T00:02:00.000000,1.15089,1.1509,1.15088,1.15088,10.0
2026-08-04T00:03:00.000000,1.15088,1.15092,1.15086,1.15091,17.0
2026-08-04T00:04:00.000000,1.15091,1.15093,1.15091,1.15093,9.0
2026-08-04T00:05:00.000000,1.15093,1.15095,1.15091,1.15094,15.0
2026-08-04T00:06:00.000000,1.15094,1.15097,1.15092,1.15095,19.0
2026-08-04T00:07:00.000000,1.15094,1.15096,1.15093,1.15094,7.0
2026-08-04T00:08:00.000000,1.15096,1.1509800000000001,1.1509,1.15091,24.0
2026-08-04T00:09:00.000000,1.15091,1.15091,1.15085,1.15087,23.0
2026-08-04T00:10:00.000000,1.15088,1.1509,1.15086,1.15089,16.0
2026-08-04T00:11:00.000000,1.15089,1.15096,1.15088,1.15094,19.0
2026-08-04T00:12:00.000000,1.15094,1.15094,1.15092,1.15093,8.0
2026-08-04T00:13:00.000000,1.15091,1.15094,1.15091,1.15093,19.0
2026-08-04T00:14:00.000000,1.15093,1.15093,1.15093,1.15093,1.0
2026-08-04T00:15:00.000000,1.15094,1.15096,1.15088,1.1509,17.0
2026-08-04T00:16:00.000000,1.1509,1.15095,1.15089,1.15095,15.0
2026-08-04T00:17:00.000000,1.15095,1.15096,1.15093,1.15093,6.0
2026-08-04T00:18:00.000000,1.15094,1.15096,1.15094,1.15094,9.0
2026-08-04T00:19:00.000000,1.15094,1.15096,1.15093,1.15094,17.0
2026-08-04T00:20:00.000000,1.15093,1.15094,1.15084,1.15085,15.0
2026-08-04T00:21:00.000000,1.15085,1.15085,1.15082,1.15083,10.0
2026-08-04T00:22:00.000000,1.15083,1.15084,1.15079,1.1508,10.0
2026-08-04T00:23:00.000000,1.1508099999999999,1.15085,1.1508099999999999,1.15083,14.0
2026-08-04T00:24:00.000000,1.15084,1.15084,1.15083,1.15083,2.0
2026-08-04T00:25:00.000000,1.15083,1.15087,1.1508099999999999,1.15087,15.0
2026-08-04T00:26:00.000000,1.15086,1.15088,1.15085,1.15087,15.0
2026-08-04T00:27:00.000000,1.15088,1.1509,1.15086,1.15087,15.0
2026-08-04T00:28:00.000000,1.15086,1.15087,1.1508099999999999,1.15082,47.0
2026-08-04T00:29:00.000000,1.15082,1.15084,1.15061,1.15061,18.0
2026-08-04T00:30:00.000000,1.15061,1.15087,1.15061,1.15082,10.0
2026-08-04T00:31:00.000000,1.15082,1.15107,1.15082,1.15106,5.0
2026-08-04T00:32:00.000000,1.15083,1.15106,1.15082,1.15106,18.0
2026-08-04T00:33:00.000000,1.15106,1.15107,1.15082,1.15104,15.0
2026-08-04T00:34:00.000000,1.15092,1.15105,1.15092,1.15105,12.0
2026-08-04T00:35:00.000000,1.15106,1.15107,1.15093,1.15093,15.0
2026-08-04T00:36:00.000000,1.15093,1.15093,1.15092,1.15092,10.0
2026-08-04T00:37:00.000000,1.15092,1.15092,1.15092,1.15092,1.0
2026-08-04T00:38:00.000000,1.15092,1.15096,1.15092,1.15092,3.0
2026-08-04T00:39:00.000000,1.15092,1.151,1.15092,1.151,4.0
2026-08-04T00:40:00.000000,1.151,1.15102,1.15092,1.15102,6.0
2026-08-04T00:41:00.000000,1.15103,1.1511,1.15092,1.15101,14.0
2026-08-04T00:42:00.000000,1.151,1.15101,1.15092,1.15092,15.0
2026-08-04T00:43:00.000000,1.15092,1.15103,1.15092,1.15092,15.0
2026-08-04T00:44:00.000000,1.15092,1.15097,1.15067,1.15067,15.0
2026-08-04T00:45:00.000000,1.15067,1.15074,1.15066,1.15072,22.0
2026-08-04T00:46:00.000000,1.15074,1.15095,1.15073,1.15075,26.0
2026-08-04T00:47:00.000000,1.15074,1.15075,1.1507100000000001,1.15073,19.0
2026-08-04T00:48:00.000000,1.15074,1.15078,1.15073,1.15078,26.0
2026-08-04T00:49:00.000000,1.15077,1.15079,1.15077,1.15077,12.0
2026-08-04T00:50:00.000000,1.15078,1.15083,1.15078,1.15079,3.0
2026-08-04T00:51:00.000000,1.15079,1.15086,1.15078,1.1508099999999999,10.0
2026-08-04T00:52:00.000000,1.1508099999999999,1.15089,1.1508099999999999,1.15087,6.0
2026-08-04T00:53:00.000000,1.15087,1.15091,1.15083,1.15091,13.0
2026-08-04T00:54:00.000000,1.15091,1.15091,1.15084,1.15084,4.0
2026-08-04T00:55:00.000000,1.15091,1.15091,1.15085,1.15086,8.0
2026-08-04T00:56:00.000000,1.15086,1.1509,1.15085,1.15085,8.0
2026-08-04T00:57:00.000000,1.15085,1.15089,1.15082,1.15087,10.0
2026-08-04T00:58:00.000000,1.15087,1.15093,1.15083,1.15084,11.0
2026-08-04T00:59:00.000000,1.15084,1.15089,1.15083,1.15089,12.0
2026-08-04T01:00:00.000000,1.15089,1.15091,1.15085,1.15089,28.0
2026-08-04T01:01:00.000000,1.15087,1.15091,1.15083,1.15089,24.0
2026-08-04T01:02:00.000000,1.15086,1.15091,1.15085,1.15089,21.0
2026-08-04T01:03:00.000000,1.1509,1.15092,1.15087,1.15089,25.0
2026-08-04T01:04:00.000000,1.15087,1.1509,1.15083,1.15089,24.0
2026-08-04T01:05:00.000000,1.15087,1.15091,1.15084,1.15088,32.0
2026-08-04T01:06:00.000000,1.15087,1.15093,1.15086,1.15089,22.0
2026-08-04T01:07:00.000000,1.15088,1.15097,1.15086,1.15089,29.0
2026-08-04T01:08:00.000000,1.15088,1.15095,1.15086,1.15087,19.0
2026-08-04T01:09:00.000000,1.15087,1.15089,1.1508,1.15087,22.0
2026-08-04T01:10:00.000000,1.15087,1.15091,1.1508099999999999,1.15083,25.0
2026-08-04T01:11:00.000000,1.15084,1.15094,1.15082,1.15091,37.0
2026-08-04T01:12:00.000000,1.15092,1.15094,1.15087,1.15091,36.0
2026-08-04T01:13:00.000000,1.1509,1.15103,1.15085,1.15092,26.0
2026-08-04T01:14:00.000000,1.1509,1.15094,1.15089,1.15091,28.0
2026-08-04T01:15:00.000000,1.1509,1.15095,1.15088,1.15089,25.0
2026-08-04T01:16:00.000000,1.1509,1.15096,1.15089,1.15094,20.0
2026-08-04T01:17:00.000000,1.15095,1.151,1.15095,1.1509800000000001,8.0
2026-08-04T01:18:00.000000,1.15097,1.1509800000000001,1.15091,1.15091,11.0
2026-08-04T01:19:00.000000,1.15092,1.15103,1.15091,1.15091,12.0
2026-08-04T01:20:00.000000,1.15093,1.15104,1.15083,1.15085,63.0
2026-08-04T01:21:00.000000,1.15085,1.15089,1.15084,1.15085,29.0
2026-08-04T01:22:00.000000,1.15085,1.15089,1.15084,1.15088,10.0
2026-08-04T01:23:00.000000,1.15087,1.15087,1.15082,1.15082,10.0
2026-08-04T01:24:00.000000,1.15083,1.15089,1.15083,1.15087,12.0
2026-08-04T01:25:00.000000,1.15086,1.15099,1.15086,1.1509800000000001,40.0
2026-08-04T01:26:00.000000,1.1509,1.15099,1.1509,1.1509800000000001,18.0
2026-08-04T01:27:00.000000,1.15091,1.151,1.15091,1.15092,12.0
2026-08-04T01:28:00.000000,1.15093,1.15097,1.1509,1.15094,17.0
2026-08-04T01:29:00.000000,1.15094,1.15104,1.1509,1.15093,64.0
2026-08-04T01:30:00.000000,1.15093,1.15104,1.15089,1.15104,60.0
2026-08-04T01:31:00.000000,1.15107,1.15109,1.15092,1.15092,25.0
2026-08-04T01:32:00.000000,1.15093,1.15093,1.15077,1.15077,19.0
2026-08-04T01:33:00.000000,1.15078,1.15078,1.15068,1.15069,13.0
2026-08-04T01:34:00.000000,1.15069,1.15075,1.15069,1.15075,5.0
2026-08-04T01:35:00.000000,1.15074,1.15075,1.15074,1.15075,4.0
2026-08-04T01:36:00.000000,1.15074,1.15075,1.15074,1.15075,4.0
2026-08-04T01:37:00.000000,1.15075,1.15075,1.1507100000000001,1.15075,6.0
2026-08-04T01:38:00.000000,1.15076,1.15076,1.15075,1.15075,2.0
2026-08-04T01:39:00.000000,1.15075,1.15078,1.15075,1.15075,8.0
2026-08-04T01:40:00.000000,1.15076,1.15079,1.1507,1.15079,22.0
2026-08-04T01:41:00.000000,1.1508,1.15083,1.15079,1.15082,11.0
2026-08-04T01:42:00.000000,1.1508,1.15083,1.15075,1.15075,7.0
2026-08-04T01:43:00.000000,1.15077,1.15078,1.1507,1.1507,20.0
2026-08-04T01:44:00.000000,1.1507,1.15074,1.15069,1.15074,26.0
2026-08-04T01:45:00.000000,1.15073,1.15074,1.15069,1.15073,16.0
2026-08-04T01:46:00.000000,1.15073,1.15076,1.15073,1.15075,5.0
2026-08-04T01:47:00.000000,1.15075,1.15083,1.15075,1.15083,15.0
2026-08-04T01:48:00.000000,1.15083,1.15083,1.1508,1.1508099999999999,18.0
2026-08-04T01:49:00.000000,1.15082,1.15083,1.15078,1.15079,12.0
2026-08-04T01:50:00.000000,1.1508,1.1508,1.15078,1.15078,11.0
2026-08-04T01:51:00.000000,1.15078,1.15079,1.15077,1.15077,6.0
2026-08-04T01:52:00.000000,1.15077,1.15079,1.15077,1.15079,17.0
2026-08-04T01:53:00.000000,1.15078,1.15079,1.15078,1.15078,9.0
2026-08-04T01:54:00.000000,1.15079,1.15079,1.15078,1.15079,7.0
2026-08-04T01:55:00.000000,1.15079,1.15079,1.15075,1.15076,5.0
2026-08-04T01:56:00.000000,1.15076,1.15076,1.15074,1.15074,7.0
2026-08-04T01:57:00.000000,1.15074,1.15075,1.15073,1.15073,4.0
2026-08-04T01:58:00.000000,1.15073,1.15073,1.1507,1.1507,13.0
2026-08-04T01:59:00.000000,1.1507,1.1507100000000001,1.1507,1.1507100000000001,2.0
2026-08-04T02:00:00.000000,1.1507100000000001,1.15074,1.15068,1.15074,13.0
2026-08-04T02:01:00.000000,1.15074,1.1508099999999999,1.15074,1.1508099999999999,23.0
2026-08-04T02:02:00.000000,1.1508099999999999,1.15082,1.15079,1.1508,17.0
2026-08-04T02:03:00.000000,1.1508,1.1508099999999999,1.1508,1.1508,9.0
2026-08-04T02:04:00.000000,1.1508,1.1508099999999999,1.15074,1.15074,15.0
2026-08-04T02:05:00.000000,1.15075,1.15079,1.15075,1.15078,15.0
2026-08-04T02:06:00.000000,1.15078,1.1508,1.15073,1.15074,18.0
2026-08-04T02:07:00.000000,1.15074,1.15074,1.15073,1.15074,15.0
2026-08-04T02:08:00.000000,1.15074,1.15074,1.15073,1.15074,3.0
2026-08-04T02:09:00.000000,1.15074,1.15074,1.15073,1.15073,4.0
2026-08-04T02:10:00.000000,1.15074,1.15075,1.15073,1.15074,13.0
2026-08-04T02:11:00.000000,1.15075,1.15084,1.15075,1.15083,14.0
2026-08-04T02:12:00.000000,1.15084,1.15084,1.15083,1.15084,13.0
2026-08-04T02:13:00.000000,1.15084,1.15086,1.15083,1.15084,15.0
2026-08-04T02:14:00.000000,1.15084,1.15084,1.1508099999999999,1.1508099999999999,6.0
2026-08-04T02:15:00.000000,1.1508,1.15082,1.15078,1.1508099999999999,22.0
2026-08-04T02:16:00.000000,1.15082,1.15083,1.1508099999999999,1.1508099999999999,12.0
2026-08-04T02:17:00.000000,1.1508099999999999,1.15082,1.1508099999999999,1.1508099999999999,5.0
2026-08-04T02:18:00.000000,1.1508099999999999,1.15082,1.15079,1.15082,10.0
2026-08-04T02:19:00.000000,1.15082,1.15087,1.15082,1.15086,7.0
2026-08-04T02:20:00.000000,1.15086,1.15087,1.15085,1.15086,4.0
2026-08-04T02:21:00.000000,1.15086,1.15089,1.15084,1.15089,13.0
2026-08-04T02:22:00.000000,1.15089,1.15095,1.15088,1.15094,23.0
2026-08-04T02:23:00.000000,1.15094,1.15097,1.15093,1.15095,18.0
2026-08-04T02:24:00.000000,1.15095,1.15095,1.15093,1.15094,15.0
2026-08-04T02:25:00.000000,1.15093,1.15093,1.15087,1.15087,10.0
2026-08-04T02:26:00.000000,1.15087,1.15087,1.15086,1.15087,7.0
2026-08-04T02:27:00.000000,1.15087,1.15088,1.15086,1.15087,4.0
2026-08-04T02:28:00.000000,1.15087,1.15089,1.15085,1.15089,22.0
2026-08-04T02:29:00.000000,1.15088,1.1509,1.15088,1.15089,4.0
2026-08-04T02:30:00.000000,1.15089,1.15091,1.15089,1.15089,7.0
2026-08-04T02:31:00.000000,1.1509,1.15095,1.15084,1.15085,35.0
2026-08-04T02:32:00.000000,1.15084,1.15085,1.15083,1.15083,12.0
2026-08-04T02:33:00.000000,1.15083,1.15084,1.15082,1.15083,9.0
2026-08-04T02:34:00.000000,1.15084,1.15084,1.15083,1.15084,7.0
2026-08-04T02:35:00.000000,1.15084,1.15089,1.15083,1.15088,17.0
2026-08-04T02:36:00.000000,1.15088,1.15094,1.15088,1.15092,17.0
2026-08-04T02:37:00.000000,1.15092,1.15092,1.15091,1.15091,18.0
2026-08-04T02:38:00.000000,1.15091,1.15092,1.15087,1.15088,22.0
2026-08-04T02:39:00.000000,1.15088,1.1509,1.15088,1.1509,17.0
2026-08-04T02:40:00.000000,1.1509,1.15092,1.15089,1.15091,8.0
2026-08-04T02:41:00.000000,1.15091,1.15093,1.15089,1.15089,14.0
2026-08-04T02:42:00.000000,1.1509,1.15095,1.1509,1.15094,9.0
2026-08-04T02:43:00.000000,1.15094,1.15099,1.15093,1.15099,13.0
2026-08-04T02:44:00.000000,1.15099,1.15099,1.1509800000000001,1.15099,5.0
2026-08-04T02:45:00.000000,1.1509800000000001,1.15101,1.1509800000000001,1.151,9.0
2026-08-04T02:46:00.000000,1.151,1.15103,1.151,1.15103,8.0
2026-08-04T02:47:00.000000,1.15103,1.15103,1.151,1.151,4.0
2026-08-04T02:48:00.000000,1.151,1.15104,1.151,1.151,11.0
2026-08-04T02:49:00.000000,1.151,1.151,1.15097,1.1509800000000001,10.0
2026-08-04T02:50:00.000000,1.1509800000000001,1.1509800000000001,1.15095,1.15096,14.0
2026-08-04T02:51:00.000000,1.15097,1.15097,1.15096,1.15097,11.0
2026-08-04T02:52:00.000000,1.15097,1.15099,1.15096,1.15097,21.0
2026-08-04T02:53:00.000000,1.15097,1.15097,1.15095,1.15096,4.0
2026-08-04T02:54:00.000000,1.15096,1.15096,1.15093,1.15093,6.0
2026-08-04T02:55:00.000000,1.15094,1.15094,1.15091,1.15094,15.0
2026-08-04T02:56:00.000000,1.15093,1.151,1.15093,1.151,10.0
2026-08-04T02:57:00.000000,1.151,1.151,1.151,1.151,1.0
2026-08-04T02:58:00.000000,1.15099,1.15099,1.15095,1.15095,5.0
2026-08-04T02:59:00.000000,1.15095,1.15096,1.15094,1.15094,4.0
2026-08-04T03:00:00.000000,1.15094,1.15095,1.15094,1.15095,2.0
2026-08-04T03:01:00.000000,1.15095,1.15095,1.15092,1.15093,9.0
2026-08-04T03:02:00.000000,1.15092,1.15094,1.1509,1.15093,5.0
2026-08-04T03:03:00.000000,1.15093,1.15095,1.15093,1.15094,8.0
2026-08-04T03:04:00.000000,1.15094,1.15095,1.15093,1.15094,9.0
2026-08-04T03:05:00.000000,1.15094,1.15094,1.15084,1.15084,13.0
2026-08-04T03:06:00.000000,1.15084,1.15084,1.15078,1.15084,21.0
2026-08-04T03:07:00.000000,1.15084,1.15084,1.15082,1.15084,13.0
2026-08-04T03:08:00.000000,1.15084,1.15085,1.15083,1.15084,7.0
2026-08-04T03:09:00.000000,1.15084,1.15089,1.15084,1.15085,10.0
2026-08-04T03:10:00.000000,1.15084,1.15085,1.15082,1.15083,7.0
2026-08-04T03:11:00.000000,1.15083,1.15084,1.15073,1.15075,36.0
2026-08-04T03:12:00.000000,1.15075,1.15077,1.15075,1.15076,24.0
2026-08-04T03:13:00.000000,1.15076,1.15082,1.15074,1.15077,26.0
2026-08-04T03:14:00.000000,1.15077,1.1508099999999999,1.15077,1.15079,11.0
2026-08-04T03:15:00.000000,1.15079,1.15079,1.15076,1.15077,12.0
2026-08-04T03:16:00.000000,1.15076,1.15076,1.15064,1.15074,77.0
2026-08-04T03:17:00.000000,1.15074,1.15082,1.1507100000000001,1.15077,33.0
2026-08-04T03:18:00.000000,1.15077,1.1508,1.1507100000000001,1.15076,37.0
2026-08-04T03:19:00.000000,1.15076,1.15078,1.15075,1.15076,27.0
2026-08-04T03:20:00.000000,1.15076,1.1508099999999999,1.15073,1.15073,38.0
2026-08-04T03:21:00.000000,1.15073,1.15075,1.15068,1.15069,21.0
2026-08-04T03:22:00.000000,1.15069,1.15072,1.15068,1.15069,17.0
2026-08-04T03:23:00.000000,1.15069,1.15069,1.15067,1.15069,15.0
2026-08-04T03:24:00.000000,1.15068,1.15069,1.15064,1.15066,38.0
2026-08-04T03:25:00.000000,1.15066,1.15069,1.15064,1.15067,22.0
2026-08-04T03:26:00.000000,1.15068,1.1507100000000001,1.15067,1.1507100000000001,19.0
2026-08-04T03:27:00.000000,1.1507100000000001,1.15074,1.1507,1.15073,13.0
2026-08-04T03:28:00.000000,1.15073,1.15073,1.15067,1.1507,24.0
2026-08-04T03:29:00.000000,1.15069,1.1507,1.15068,1.1507,33.0
2026-08-04T03:30:00.000000,1.1507,1.1508099999999999,1.1507,1.15078,82.0
2026-08-04T03:31:00.000000,1.15077,1.15102,1.15075,1.15102,107.0
2026-08-04T03:32:00.000000,1.15102,1.15102,1.15092,1.1509800000000001,63.0
2026-08-04T03:33:00.000000,1.15097,1.15099,1.1509,1.15099,67.0
2026-08-04T03:34:00.000000,1.1509800000000001,1.15114,1.1509800000000001,1.15103,57.0
2026-08-04T03:35:00.000000,1.15103,1.15104,1.15092,1.15097,47.0
2026-08-04T03:36:00.000000,1.1509800000000001,1.15101,1.15095,1.15095,28.0
2026-08-04T03:37:00.000000,1.15097,1.1511,1.15096,1.15107,33.0
2026-08-04T03:38:00.000000,1.15107,1.15119,1.15106,1.15114,48.0
2026-08-04T03:39:00.000000,1.15114,1.1513,1.15113,1.15129,34.0
2026-08-04T03:40:00.000000,1.15129,1.15138,1.15113,1.15114,91.0
2026-08-04T03:41:00.000000,1.15115,1.15115,1.15104,1.15109,36.0
2026-08-04T03:42:00.000000,1.15111,1.15115,1.15104,1.15107,28.0
2026-08-04T03:43:00.000000,1.15106,1.15107,1.15099,1.15099,36.0
2026-08-04T03:44:00.000000,1.15099,1.151,1.15092,1.1509800000000001,52.0
2026-08-04T03:45:00.000000,1.1509800000000001,1.15101,1.15095,1.15096,26.0
2026-08-04T03:46:00.000000,1.15096,1.15103,1.15096,1.15102,19.0
2026-08-04T03:47:00.000000,1.15102,1.15102,1.15095,1.15097,20.0
2026-08-04T03:48:00.000000,1.15097,1.15112,1.15097,1.15107,53.0
2026-08-04T03:49:00.000000,1.1510799999999999,1.15111,1.15106,1.15109,37.0
2026-08-04T03:50:00.000000,1.15109,1.15117,1.15107,1.15113,39.0
2026-08-04T03:51:00.000000,1.15113,1.15123,1.1511,1.1512,60.0
2026-08-04T03:52:00.000000,1.15119,1.1512,1.15113,1.15114,38.0
2026-08-04T03:53:00.000000,1.15114,1.15124,1.15114,1.1512,27.0
2026-08-04T03:54:00.000000,1.1512,1.15123,1.15114,1.1512,41.0
2026-08-04T03:55:00.000000,1.1512,1.1512,1.15116,1.15118,25.0
2026-08-04T03:56:00.000000,1.15118,1.15125,1.15118,1.15119,28.0
2026-08-04T03:57:00.000000,1.15119,1.15121,1.15113,1.15115,30.0
2026-08-04T03:58:00.000000,1.15115,1.15124,1.15115,1.15123,30.0
2026-08-04T03:59:00.000000,1.15121,1.15124,1.15117,1.15118,22.0
2026-08-04T04:00:00.000000,1.15118,1.15123,1.1511,1.15113,43.0
2026-08-04T04:01:00.000000,1.15113,1.15114,1.15112,1.15113,19.0
2026-08-04T04:02:00.000000,1.15113,1.15121,1.15112,1.15119,29.0
2026-08-04T04:03:00.000000,1.15119,1.15136,1.15119,1.15133,51.0
2026-08-04T04:04:00.000000,1.15133,1.1514,1.15131,1.15137,38.0
2026-08-04T04:05:00.000000,1.15136,1.15137,1.15129,1.15129,31.0
2026-08-04T04:06:00.000000,1.15129,1.15131,1.15127,1.15131,18.0
2026-08-04T04:07:00.000000,1.15131,1.15134,1.15129,1.1513200000000001,21.0
2026-08-04T04:08:00.000000,1.1513200000000001,1.15139,1.15131,1.15136,23.0
2026-08-04T04:09:00.000000,1.15135,1.1515,1.15135,1.15145,36.0
2026-08-04T04:10:00.000000,1.15145,1.15145,1.15128,1.15128,43.0
2026-08-04T04:11:00.000000,1.15128,1.15135,1.15128,1.15135,17.0
2026-08-04T04:12:00.000000,1.15135,1.1514,1.15129,1.1513,30.0
2026-08-04T04:13:00.000000,1.1513,1.15131,1.15122,1.15126,30.0
2026-08-04T04:14:00.000000,1.15126,1.1513,1.15125,1.15126,26.0
2026-08-04T04:15:00.000000,1.15126,1.15126,1.15116,1.1512,39.0
2026-08-04T04:16:00.000000,1.1512,1.15124,1.15114,1.15114,44.0
2026-08-04T04:17:00.000000,1.15114,1.15116,1.15104,1.15105,53.0
2026-08-04T04:18:00.000000,1.15105,1.1510799999999999,1.15099,1.151,48.0
2026-08-04T04:19:00.000000,1.151,1.15101,1.15094,1.15097,21.0
2026-08-04T04:20:00.000000,1.1509800000000001,1.1509800000000001,1.15093,1.15095,28.0
2026-08-04T04:21:00.000000,1.15094,1.15095,1.15089,1.1509,26.0
2026-08-04T04:22:00.000000,1.1509,1.1509,1.15085,1.15089,40.0
2026-08-04T04:23:00.000000,1.15088,1.1510799999999999,1.15087,1.15091,110.0
2026-08-04T04:24:00.000000,1.15092,1.151,1.15084,1.1509800000000001,118.0
2026-08-04T04:25:00.000000,1.1509800000000001,1.151,1.15085,1.15086,59.0
2026-08-04T04:26:00.000000,1.15086,1.15086,1.15058,1.15059,66.0
2026-08-04T04:27:00.000000,1.15059,1.15063,1.15049,1.15059,51.0
2026-08-04T04:28:00.000000,1.15062,1.15066,1.15052,1.15065,62.0
2026-08-04T04:29:00.000000,1.15064,1.15065,1.15052,1.15056,41.0
2026-08-04T04:30:00.000000,1.15055,1.15055,1.15036,1.1504,64.0
2026-08-04T04:31:00.000000,1.15039,1.15039,1.15022,1.15023,79.0
2026-08-04T04:32:00.000000,1.15024,1.15036,1.15024,1.15033,56.0
2026-08-04T04:33:00.000000,1.15032,1.15041,1.15028,1.15034,46.0
2026-08-04T04:34:00.000000,1.15034,1.15042,1.15033,1.15041,33.0
2026-08-04T04:35:00.000000,1.15041,1.15049,1.15038,1.15043,41.0
2026-08-04T04:36:00.000000,1.15043,1.15043,1.15033,1.15034,53.0
2026-08-04T04:37:00.000000,1.15034,1.15044,1.15033,1.15044,35.0
2026-08-04T04:38:00.000000,1.15044,1.1505,1.15044,1.15048,37.0
2026-08-04T04:39:00.000000,1.15048,1.15048,1.15039,1.15039,42.0
2026-08-04T04:40:00.000000,1.15039,1.15052,1.15038,1.15048,46.0
2026-08-04T04:41:00.000000,1.15048,1.15053,1.15046,1.15049,36.0
2026-08-04T04:42:00.000000,1.15049,1.15054,1.15045,1.15054,33.0
2026-08-04T04:43:00.000000,1.15054,1.15059,1.15054,1.15058,36.0
2026-08-04T04:44:00.000000,1.15058,1.15058,1.15049,1.15049,32.0
2026-08-04T04:45:00.000000,1.1505,1.15057,1.15048,1.15049,40.0
2026-08-04T04:46:00.000000,1.15049,1.15056,1.15049,1.15053,29.0
2026-08-04T04:47:00.000000,1.15053,1.1507,1.15053,1.1507,32.0
2026-08-04T04:48:00.000000,1.1507,1.1508099999999999,1.1507,1.15079,37.0
2026-08-04T04:49:00.000000,1.15079,1.15085,1.15079,1.15085,33.0
2026-08-04T04:50:00.000000,1.15084,1.15091,1.15084,1.15089,23.0
2026-08-04T04:51:00.000000,1.15089,1.15091,1.15082,1.15084,42.0
2026-08-04T04:52:00.000000,1.15084,1.15085,1.15074,1.15076,39.0
2026-08-04T04:53:00.000000,1.15076,1.15086,1.15076,1.15085,40.0
2026-08-04T04:54:00.000000,1.15085,1.15089,1.15084,1.15086,23.0
2026-08-04T04:55:00.000000,1.15086,1.15094,1.15086,1.15091,20.0
2026-08-04T04:56:00.000000,1.15089,1.15091,1.15084,1.1509,23.0
2026-08-04T04:57:00.000000,1.1509,1.15094,1.15084,1.15088,42.0
2026-08-04T04:58:00.000000,1.15088,1.15092,1.15088,1.1509,11.0
2026-08-04T04:59:00.000000,1.15089,1.15089,1.15079,1.15083,34.0
2026-08-04T05:00:00.000000,1.15083,1.15104,1.15083,1.15104,46.0
2026-08-04T05:01:00.000000,1.15104,1.15113,1.15099,1.15113,72.0
2026-08-04T05:02:00.000000,1.15113,1.15121,1.1510799999999999,1.1511,56.0
2026-08-04T05:03:00.000000,1.15111,1.1512,1.1511,1.15117,36.0
2026-08-04T05:04:00.000000,1.15116,1.15123,1.15116,1.15119,39.0
2026-08-04T05:05:00.000000,1.1512,1.15122,1.15107,1.1510799999999999,38.0
2026-08-04T05:06:00.000000,1.1510799999999999,1.15115,1.1510799999999999,1.15111,49.0
2026-08-04T05:07:00.000000,1.15111,1.15115,1.1511,1.15113,20.0
2026-08-04T05:08:00.000000,1.15113,1.15115,1.1510799999999999,1.15114,35.0
2026-08-04T05:09:00.000000,1.15114,1.15123,1.15113,1.1512,61.0
2026-08-04T05:10:00.000000,1.1512,1.15129,1.15117,1.15129,49.0
2026-08-04T05:11:00.000000,1.15129,1.15133,1.15124,1.1513,62.0
2026-08-04T05:12:00.000000,1.1513,1.1513200000000001,1.15128,1.15129,52.0
2026-08-04T05:13:00.000000,1.15129,1.15133,1.15127,1.15133,46.0
2026-08-04T05:14:00.000000,1.15133,1.15144,1.15129,1.15144,28.0
2026-08-04T05:15:00.000000,1.15143,1.15145,1.15135,1.15139,36.0
2026-08-04T05:16:00.000000,1.15139,1.15145,1.15137,1.1514,48.0
2026-08-04T05:17:00.000000,1.15141,1.15146,1.1514,1.15141,30.0
2026-08-04T05:18:00.000000,1.1514,1.15141,1.15129,1.1513200000000001,30.0
2026-08-04T05:19:00.000000,1.1513200000000001,1.15134,1.15129,1.1513,31.0
2026-08-04T05:20:00.000000,1.1513,1.15133,1.15123,1.15124,33.0
